zip,pct_poverty,pct_black,pct_college_plus,pct_mortgage,lat,lng,city,state_id,state_name,zcta,parent_zcta,population,density,county_fips,county_name,county_weights,county_names_all,county_fips_all,imprecise,military,timezone,cluster
29449,0.1393992055610725,0.5467046580773043,0.237240518183237,0.3885647607934656,32.70183,-80.28038,Hollywood,SC,South Carolina,True,,7761.0,39.7,45019,Charleston,"{""45019"": 100}",Charleston,45019,False,False,America/New_York,1
29458,0.2513458950201884,0.6453566621803499,0.2503549455750118,0.4236343366778149,33.11922,-79.4872,McClellanville,SC,South Carolina,True,,2354.0,8.1,45019,Charleston,"{""45019"": 100}",Charleston,45019,False,False,America/New_York,1
29461,0.1105065765147113,0.2729882058240267,0.2028146330240049,0.6475308052345019,33.17009,-80.00773,Moncks Corner,SC,South Carolina,True,,42535.0,100.0,45015,Berkeley,"{""45015"": 100}",Berkeley,45015,False,False,America/New_York,0
29464,0.0553575671180803,0.0712769720551821,0.6101561267938811,0.6932839013261086,32.82082,-79.85583,Mount Pleasant,SC,South Carolina,True,,51758.0,663.0,45019,Charleston,"{""45019"": 99.63, ""45015"": 0.37}",Charleston|Berkeley,45019|45015,False,False,America/New_York,0
29470,0.2068449197860962,0.2531483457844183,0.2155373831775701,0.5367132867132867,32.81904,-80.23855,Ravenel,SC,South Carolina,True,,5869.0,31.3,45019,Charleston,"{""45019"": 66.26, ""45035"": 33.74}",Charleston|Dorchester,45019|45035,False,False,America/New_York,0
29474,0.1973799126637554,0.2930131004366812,0.1424030514939606,0.4595375722543353,32.90833,-80.52448,Round O,SC,South Carolina,True,,1275.0,4.9,45029,Colleton,"{""45029"": 100}",Colleton,45029,False,False,America/New_York,1
29203,0.3395053701921827,0.8134162594402488,0.2009723842862699,0.510719131614654,34.10198,-81.04009,Columbia,SC,South Carolina,True,,40811.0,253.1,45079,Richland,"{""45079"": 100}",Richland,45079,False,False,America/New_York,1
29209,0.131226731485185,0.464576559377144,0.4070826886711363,0.7035935268919562,33.92442,-80.95284,Columbia,SC,South Carolina,True,,37314.0,272.8,45079,Richland,"{""45079"": 100}",Richland,45079,False,False,America/New_York,0
29302,0.1303644731931832,0.1798279442301987,0.424711393675757,0.5928004644861622,34.89399,-81.84151,Spartanburg,SC,South Carolina,True,,19031.0,144.9,45083,Spartanburg,"{""45083"": 100}",Spartanburg,45083,False,False,America/New_York,0
29307,0.1429390516598818,0.2175980975029726,0.3501485940714776,0.5306497752349816,34.98381,-81.83146,Spartanburg,SC,South Carolina,True,,18497.0,159.7,45083,Spartanburg,"{""45083"": 89.28, ""45021"": 10.72}",Spartanburg|Cherokee,45083|45021,False,False,America/New_York,0
29316,0.0681681455858023,0.1432739787520574,0.2842619412733572,0.7089269376552084,35.04179,-81.9766,Boiling Springs,SC,South Carolina,True,,31874.0,564.0,45083,Spartanburg,"{""45083"": 100}",Spartanburg,45083,False,False,America/New_York,0
29321,0.2628120893561104,0.145203679369251,0.0420560747663551,0.3474676089517079,34.71975,-81.74151,Buffalo,SC,South Carolina,True,,3147.0,30.9,45087,Union,"{""45087"": 100}",Union,45087,False,False,America/New_York,1
29014,0.1361047835990888,0.3018223234624145,0.1379025598678777,0.4189655172413793,34.54368,-81.13553,Blackstock,SC,South Carolina,True,,1229.0,2.9,45039,Fairfield,"{""45039"": 58.0, ""45023"": 42.0}",Fairfield|Chester,45039|45023,False,False,America/New_York,1
29038,0.1828691539674198,0.1671045717288491,0.1211901306240928,0.2620481927710843,33.37494,-80.98095,Cope,SC,South Carolina,True,,2452.0,11.2,45075,Orangeburg,"{""45075"": 100}",Orangeburg,45075,False,False,America/New_York,1
29053,0.2551081242209094,0.2195213767141704,0.1013529935996111,0.5914735099337748,33.82734,-81.08646,Gaston,SC,South Carolina,True,,20818.0,100.0,45063,Lexington,"{""45063"": 70.99, ""45017"": 29.01}",Lexington|Calhoun,45063|45017,False,False,America/New_York,1
29055,0.2265682656826568,0.3330873308733087,0.1199442119944212,0.266420664206642,34.57248,-80.91753,Great Falls,SC,South Carolina,True,,3858.0,43.0,45023,Chester,"{""45023"": 68.09, ""45039"": 31.91}",Chester|Fairfield,45023|45039,False,False,America/New_York,1
29072,0.0609909328624308,0.0628817232547448,0.4709194164300401,0.7402001437496545,33.9985,-81.27098,Lexington,SC,South Carolina,True,,68389.0,388.1,45063,Lexington,"{""45063"": 100}",Lexington,45063,False,False,America/New_York,0
29074,0.0782122905027933,0.0782122905027933,0.3417721518987341,0.3023255813953488,34.4512,-80.8144,Liberty Hill,SC,South Carolina,True,,200.0,3.6,45055,Kershaw,"{""45055"": 100}",Kershaw,45055,False,False,America/New_York,0
29114,0.1206179441473559,0.4699940582293523,0.1200631911532385,0.4522900763358778,33.95436,-79.93537,Olanta,SC,South Carolina,True,,1815.0,20.3,45041,Florence,"{""45041"": 58.8, ""45085"": 39.52, ""45027"": 1.68}",Florence|Sumter|Clarendon,45041|45085|45027,False,False,America/New_York,1
29123,0.2298850574712643,0.0760103819058212,0.0995383194829178,0.4353572903758777,33.76563,-81.25844,Pelion,SC,South Carolina,True,,8024.0,45.5,45063,Lexington,"{""45063"": 100}",Lexington,45063,False,False,America/New_York,1
29178,0.1505911636589919,0.2016179215930305,0.1231505657093124,0.3203684749232344,34.4992,-81.5961,Whitmire,SC,South Carolina,True,,3509.0,9.4,45071,Newberry,"{""45071"": 50.49, ""45087"": 36.6, ""45059"": 12.91}",Newberry|Union|Laurens,45071|45087|45059,False,False,America/New_York,1
29223,0.1732292798577497,0.5830884945351981,0.3518636971564808,0.6847902714134649,34.09243,-80.92153,Columbia,SC,South Carolina,True,,52835.0,806.0,45079,Richland,"{""45079"": 100}",Richland,45079,False,False,America/New_York,0
29306,0.2875098670228915,0.5801512968299711,0.1777757233983544,0.5779816513761468,34.89338,-81.92177,Spartanburg,SC,South Carolina,True,,17270.0,341.7,45083,Spartanburg,"{""45083"": 100}",Spartanburg,45083,False,False,America/New_York,1
29322,0.052713870895689,0.0345097163278981,0.2172189630569208,0.5112936344969199,35.12254,-82.13157,Campobello,SC,South Carolina,True,,10573.0,70.5,45083,Spartanburg,"{""45083"": 97.74, ""45045"": 2.26}",Spartanburg|Greenville,45083|45045,False,False,America/New_York,0
29376,0.0507319535588086,0.184464801104279,0.2286510979435343,0.5935251798561151,34.81564,-81.94921,Roebuck,SC,South Carolina,True,,8722.0,87.3,45083,Spartanburg,"{""45083"": 100}",Spartanburg,45083,False,False,America/New_York,0
29403,0.3271291596164692,0.4289380814886108,0.4930480512931345,0.6502835538752363,32.80347,-79.94561,Charleston,SC,South Carolina,True,,22319.0,1596.4,45019,Charleston,"{""45019"": 100}",Charleston,45019,False,False,America/New_York,0
29406,0.3085637019230769,0.4132871172732524,0.1706580996884735,0.5763195435092725,32.93417,-80.03083,Charleston,SC,South Carolina,True,,32482.0,817.8,45019,Charleston,"{""45019"": 96.3, ""45015"": 3.7}",Charleston|Berkeley,45019|45015,False,False,America/New_York,1
29414,0.0778759315007649,0.1717862325078084,0.4764637978580132,0.7840807575486868,32.84479,-80.10756,Charleston,SC,South Carolina,True,,43717.0,344.6,45019,Charleston,"{""45019"": 82.3, ""45035"": 17.7}",Charleston|Dorchester,45019|45035,False,False,America/New_York,0
29471,0.2041920216362407,0.4279918864097363,0.0742574257425742,0.5253863134657837,33.18714,-80.66955,Reevesville,SC,South Carolina,True,,1332.0,12.0,45035,Dorchester,"{""45035"": 97.15, ""45075"": 2.85}",Dorchester|Orangeburg,45035|45075,False,False,America/New_York,1
29527,0.2028846889586043,0.306856754921928,0.1580493537015276,0.5246073298429319,33.78271,-79.14715,Conway,SC,South Carolina,True,,29054.0,72.3,45051,Horry,"{""45051"": 100}",Horry,45051,False,False,America/New_York,1
29530,0.1935756551141166,0.1001683501683501,0.1151551312649164,0.476123595505618,33.98984,-79.74222,Coward,SC,South Carolina,True,,2769.0,26.4,45041,Florence,"{""45041"": 100}",Florence,45041,False,False,America/New_York,1
29032,0.2744095875925273,0.1808248149453648,0.0672438672438672,0.4098360655737705,34.34002,-80.44374,Cassatt,SC,South Carolina,True,,4817.0,23.6,45055,Kershaw,"{""45055"": 78.8, ""45061"": 21.2}",Kershaw|Lee,45055|45061,False,False,America/New_York,1
29047,0.361067089276281,0.5150554675118859,0.1672107363075807,0.1746031746031746,33.53218,-80.57956,Elloree,SC,South Carolina,True,,3745.0,22.5,45017,Calhoun,"{""45017"": 51.15, ""45075"": 48.85}",Calhoun|Orangeburg,45017|45075,False,False,America/New_York,1
29061,0.1105552081161837,0.6605453917846048,0.1728027894574915,0.6275224215246636,33.89923,-80.84955,Hopkins,SC,South Carolina,True,,12875.0,56.3,45079,Richland,"{""45079"": 100}",Richland,45079,False,False,America/New_York,1
29384,0.190263510495757,0.1283077607293751,0.1094674556213017,0.482078853046595,34.33976,-82.0904,Waterloo,SC,South Carolina,True,,3440.0,31.0,45059,Laurens,"{""45059"": 100}",Laurens,45059,False,False,America/New_York,1
29407,0.1185084628271041,0.318515744288554,0.4300754716981132,0.5914332784184514,32.79912,-79.99872,Charleston,SC,South Carolina,True,,36640.0,920.5,45019,Charleston,"{""45019"": 100}",Charleston,45019,False,False,America/New_York,0
29418,0.2005537046595654,0.4212022367194781,0.2418877156837496,0.6706539074960127,32.88896,-80.0644,North Charleston,SC,South Carolina,True,,25589.0,746.9,45019,Charleston,"{""45019"": 78.22, ""45035"": 21.78}",Charleston|Dorchester,45019|45035,False,False,America/New_York,0
29432,0.184751570531125,0.3956324446965399,0.172834485563237,0.302020202020202,33.2294,-80.81428,Branchville,SC,South Carolina,True,,2422.0,7.8,45075,Orangeburg,"{""45075"": 60.49, ""45009"": 32.53, ""45035"": 6.98}",Orangeburg|Bamberg|Dorchester,45075|45009|45035,False,False,America/New_York,1
29434,0.1095890410958904,0.1956947162426614,0.1354401805869074,0.3392857142857143,33.14027,-79.8453,Cordesville,SC,South Carolina,True,,529.0,3.8,45015,Berkeley,"{""45015"": 100}",Berkeley,45015,False,False,America/New_York,1
29437,0.1351937984496124,0.5370542635658915,0.1130756578947368,0.4818288393903868,33.13673,-80.42319,Dorchester,SC,South Carolina,True,,2287.0,10.5,45035,Dorchester,"{""45035"": 100}",Dorchester,45035,False,False,America/New_York,1
29440,0.2060713494349656,0.4255711393869288,0.1828741080264597,0.4520290581162324,33.38229,-79.32908,Georgetown,SC,South Carolina,True,,26419.0,19.5,45043,Georgetown,"{""45043"": 99.47, ""45089"": 0.53}",Georgetown|Williamsburg,45043|45089,False,False,America/New_York,1
29450,0.1970473034046399,0.5953600482072914,0.1827557755775577,0.4853852967227635,33.08731,-79.77164,Huger,SC,South Carolina,True,,3124.0,7.4,45015,Berkeley,"{""45015"": 94.49, ""45019"": 5.51}",Berkeley|Charleston,45015|45019,False,False,America/New_York,1
29452,0.4336734693877551,0.701530612244898,0.238562091503268,0.2095808383233532,32.6997,-80.46998,Jacksonboro,SC,South Carolina,True,,200.0,1.4,45029,Colleton,"{""45029"": 99.76, ""45019"": 0.24}",Colleton|Charleston,45029|45019,False,False,America/New_York,1
29456,0.1082401788565953,0.2497450280469148,0.2019492405877405,0.767958871752119,32.98433,-80.11206,Ladson,SC,South Carolina,True,,39280.0,839.6,45019,Charleston,"{""45019"": 46.43, ""45015"": 28.85, ""45035"": 24.73}",Charleston|Berkeley|Dorchester,45019|45015|45035,False,False,America/New_York,0
29477,0.2713760343242415,0.4485175989484445,0.1930835734870317,0.4275053304904051,33.16626,-80.57176,Saint George,SC,South Carolina,True,,6949.0,24.3,45035,Dorchester,"{""45035"": 99.13, ""45075"": 0.87}",Dorchester|Orangeburg,45035|45075,False,False,America/New_York,1
29525,0.3317238049251569,0.6262434864992894,0.1789627465303141,0.3347280334728033,34.5722,-79.53327,Clio,SC,South Carolina,True,,1822.0,16.3,45069,Marlboro,"{""45069"": 94.57, ""45033"": 5.43}",Marlboro|Dillon,45069|45033,False,False,America/New_York,1
29340,0.1934306569343065,0.2287981970506099,0.1274770777876367,0.404418828049952,34.98225,-81.59427,Gaffney,SC,South Carolina,True,,21394.0,50.6,45021,Cherokee,"{""45021"": 100}",Cherokee,45021,False,False,America/New_York,1
29353,0.1552476263792661,0.2611640742599097,0.1275679257786613,0.4304482225656877,34.83064,-81.65636,Jonesville,SC,South Carolina,True,,3627.0,15.3,45087,Union,"{""45087"": 100}",Union,45087,False,False,America/New_York,1
29364,0.3015873015873015,0.1201814058956916,0.0359477124183006,0.2,34.78846,-81.46202,Lockhart,SC,South Carolina,True,,525.0,260.2,45087,Union,"{""45087"": 99.72, ""45023"": 0.28}",Union|Chester,45087|45023,False,False,America/New_York,1
29369,0.0610449002217294,0.1951605141953667,0.3441939008642098,0.7073511785856972,34.86535,-82.02207,Moore,SC,South Carolina,True,,15782.0,216.9,45083,Spartanburg,"{""45083"": 100}",Spartanburg,45083,False,False,America/New_York,0
29370,0.2254004576659038,0.2151029748283753,0.2775735294117647,0.6283524904214559,34.37315,-81.96816,Mountville,SC,South Carolina,True,,480.0,4.0,45059,Laurens,"{""45059"": 100}",Laurens,45059,False,False,America/New_York,0
29374,0.0868167202572347,0.0090037757769387,0.1630901287553648,0.4453941120607787,34.7861,-81.84854,Pauline,SC,South Carolina,True,,2774.0,22.0,45083,Spartanburg,"{""45083"": 90.18, ""45087"": 9.82}",Spartanburg|Union,45083|45087,False,False,America/New_York,0
29385,0.2087884494664155,0.1960686114936772,0.1780989212293914,0.568384539147671,34.97623,-82.1024,Wellford,SC,South Carolina,True,,7809.0,160.9,45083,Spartanburg,"{""45083"": 100}",Spartanburg,45083,False,False,America/New_York,0
29448,0.3044965786901271,0.3472966390647832,0.1390681003584229,0.3818181818181818,33.24062,-80.44639,Harleyville,SC,South Carolina,True,,2224.0,14.4,45035,Dorchester,"{""45035"": 100}",Dorchester,45035,False,False,America/New_York,1
29466,0.0417651496102589,0.0586497784675461,0.6335268776924518,0.7763798020466365,32.87486,-79.78785,Mount Pleasant,SC,South Carolina,True,,44387.0,587.3,45019,Charleston,"{""45019"": 99.67, ""45015"": 0.33}",Charleston|Berkeley,45019|45015,False,False,America/New_York,0
29472,0.19457773512476,0.3864988104678826,0.1445435466946484,0.4618438464931628,33.05379,-80.31928,Ridgeville,SC,South Carolina,True,,11531.0,23.5,45035,Dorchester,"{""45035"": 59.63, ""45015"": 32.32, ""45029"": 8.05}",Dorchester|Berkeley|Colleton,45035|45015|45029,False,False,America/New_York,1
29488,0.2069704049844236,0.3726437212791897,0.1478362895990061,0.4583774250440917,32.90664,-80.67458,Walterboro,SC,South Carolina,True,,22367.0,36.3,45029,Colleton,"{""45029"": 100}",Colleton,45029,False,False,America/New_York,1
29501,0.1432312472259209,0.3520485584218513,0.311294939137546,0.6329829520360393,34.20414,-79.82654,Florence,SC,South Carolina,True,,47259.0,348.3,45041,Florence,"{""45041"": 85.45, ""45031"": 14.55}",Florence|Darlington,45041|45031,False,False,America/New_York,0
29510,0.2459877154745393,0.4352090350703388,0.0955338657202011,0.3581103402708953,33.45326,-79.61068,Andrews,SC,South Carolina,True,,9803.0,12.1,45089,Williamsburg,"{""45089"": 65.09, ""45043"": 34.91}",Williamsburg|Georgetown,45089|45043,False,False,America/New_York,1
29541,0.1366250678241996,0.3426369506352843,0.1413237924865832,0.5014245014245015,34.0653,-79.74087,Effingham,SC,South Carolina,True,,10213.0,49.4,45041,Florence,"{""45041"": 100}",Florence,45041,False,False,America/New_York,1
29943,0.0856031128404669,0.603112840466926,0.0709939148073022,0.6049382716049383,32.4821,-81.14952,Tillman,SC,South Carolina,True,,308.0,4.3,45053,Jasper,"{""45053"": 100}",Jasper,45053,False,False,America/New_York,1
29388,0.1439614750982131,0.1751146362622382,0.2329602329602329,0.6184971098265896,34.76292,-82.04299,Woodruff,SC,South Carolina,True,,16020.0,63.6,45083,Spartanburg,"{""45083"": 94.23, ""45059"": 5.77}",Spartanburg|Laurens,45083|45059,False,False,America/New_York,0
29401,0.2265922700054436,0.0925925925925925,0.7823250296559905,0.4863588667366212,32.77868,-79.9354,Charleston,SC,South Carolina,True,,9210.0,2317.6,45019,Charleston,"{""45019"": 100}",Charleston,45019,False,False,America/New_York,0
29405,0.2409071945993097,0.6376009073320436,0.1737764235383736,0.6133060853769301,32.85207,-79.97903,North Charleston,SC,South Carolina,True,,26717.0,702.7,45019,Charleston,"{""45019"": 99.86, ""45015"": 0.14}",Charleston|Berkeley,45019|45015,False,False,America/New_York,1
29412,0.0792651935038846,0.1476825825753371,0.5135381615774081,0.6894498266820727,32.70979,-79.95115,Charleston,SC,South Carolina,True,,40495.0,398.9,45019,Charleston,"{""45019"": 100}",Charleston,45019,False,False,America/New_York,0
29426,0.1566265060240964,0.6533406352683461,0.1458966565349544,0.3333333333333333,32.79275,-80.37023,Adams Run,SC,South Carolina,True,,1640.0,8.0,45019,Charleston,"{""45019"": 83.43, ""45035"": 16.43, ""45029"": 0.14}",Charleston|Dorchester|Colleton,45019|45035|45029,False,False,America/New_York,1
29003,0.2657521135747328,0.6078703703703704,0.210815563860189,0.3801969365426695,33.24135,-81.01838,Bamberg,SC,South Carolina,True,,5616.0,15.9,45009,Bamberg,"{""45009"": 100}",Bamberg,45009,False,False,America/New_York,1
29030,0.1455072463768116,0.4018212862834376,0.3020231213872832,0.490506329113924,33.57917,-80.65441,Cameron,SC,South Carolina,True,,1764.0,7.2,45017,Calhoun,"{""45017"": 79.51, ""45075"": 20.49}",Calhoun|Orangeburg,45017|45075,False,False,America/New_York,0
29051,0.1348314606741573,0.7226027397260274,0.1085343228200371,0.3433734939759036,33.8669,-80.12231,Gable,SC,South Carolina,True,,450.0,4.2,45027,Clarendon,"{""45027"": 52.99, ""45085"": 47.01}",Clarendon|Sumter,45027|45085,False,False,America/New_York,1
29054,0.0997934558104141,0.0136792964933232,0.2344637102961485,0.5411026741498844,33.94834,-81.37875,Gilbert,SC,South Carolina,True,,10137.0,68.3,45063,Lexington,"{""45063"": 100}",Lexington,45063,False,False,America/New_York,0
29063,0.0646475118483412,0.2684525716538926,0.4379811483720756,0.819251059413647,34.13948,-81.20457,Irmo,SC,South Carolina,True,,38475.0,370.4,45079,Richland,"{""45079"": 97.19, ""45063"": 2.81}",Richland|Lexington,45079|45063,False,False,America/New_York,0
29018,0.1887739103167137,0.6317757009345795,0.1267206477732793,0.3394055608820709,33.34619,-80.64373,Bowman,SC,South Carolina,True,,3374.0,12.3,45075,Orangeburg,"{""45075"": 97.45, ""45035"": 2.55}",Orangeburg|Dorchester,45075|45035,False,False,America/New_York,1
29033,0.1789498655701407,0.2129724611378521,0.3292029071845586,0.61504,33.9552,-81.05691,Cayce,SC,South Carolina,True,,12971.0,499.9,45063,Lexington,"{""45063"": 100}",Lexington,45063,False,False,America/New_York,0
29052,0.1817312290769966,0.9928263988522238,0.1321303841676367,0.1239837398373983,33.81036,-80.73832,Gadsden,SC,South Carolina,True,,2057.0,13.3,45079,Richland,"{""45079"": 100}",Richland,45079,False,False,America/New_York,1
29069,0.2642762284196547,0.3854810238305384,0.145500156788962,0.3800135961930659,34.18798,-80.09654,Lamar,SC,South Carolina,True,,5029.0,24.7,45031,Darlington,"{""45031"": 78.46, ""45061"": 21.54}",Darlington|Lee,45031|45061,False,False,America/New_York,1
29079,0.3571428571428571,1.0,0.0,1.0,34.289,-80.11318,Lydia,SC,South Carolina,True,,26.0,94.2,45031,Darlington,"{""45031"": 100}",Darlington,45031,False,False,America/New_York,1
29108,0.2245670995670995,0.4234284648386495,0.1461631291261446,0.4560629316960859,34.29805,-81.62433,Newberry,SC,South Carolina,True,,19871.0,36.5,45071,Newberry,"{""45071"": 100}",Newberry,45071,False,False,America/New_York,1
29112,0.2167310167310167,0.4141025641025641,0.1254040077569489,0.3424153166421207,33.62662,-81.0837,North,SC,South Carolina,True,,3718.0,11.9,45075,Orangeburg,"{""45075"": 88.14, ""45017"": 9.0, ""45063"": 2.86}",Orangeburg|Calhoun|Lexington,45075|45017|45063,False,False,America/New_York,1
29127,0.1189189189189189,0.1577370250509409,0.2775330396475771,0.5339273474982865,34.16568,-81.51192,Prosperity,SC,South Carolina,True,,9215.0,35.5,45071,Newberry,"{""45071"": 93.54, ""45081"": 6.46}",Newberry|Saluda,45071|45081,False,False,America/New_York,0
29130,0.1212323064113239,0.4238603297769156,0.2361631294215564,0.482886216466235,34.32757,-80.89205,Ridgeway,SC,South Carolina,True,,6427.0,16.4,45039,Fairfield,"{""45039"": 83.46, ""45055"": 15.41, ""45079"": 1.13}",Fairfield|Kershaw|Richland,45039|45055|45079,False,False,America/New_York,1
29138,0.1655714946783896,0.2774727747277473,0.1502548966997585,0.3940866747671122,34.04491,-81.77152,Saluda,SC,South Carolina,True,,9641.0,16.8,45081,Saluda,"{""45081"": 97.02, ""45047"": 2.55, ""45037"": 0.43}",Saluda|Greenwood|Edgefield,45081|45047|45037,False,False,America/New_York,1
29150,0.1986037161795066,0.5047959425012483,0.2252997940808333,0.5448572452514634,33.87621,-80.35609,Sumter,SC,South Carolina,True,,38525.0,338.8,45085,Sumter,"{""45085"": 100}",Sumter,45085,False,False,America/New_York,1
29204,0.2183298384112495,0.5746369378610376,0.3412199009984059,0.628061224489796,34.02938,-81.00008,Columbia,SC,South Carolina,True,,18067.0,1095.9,45079,Richland,"{""45079"": 100}",Richland,45079,False,False,America/New_York,0
29006,0.1793070716658756,0.2418758882046423,0.1329359578597172,0.4429429429429429,33.87673,-81.55294,Batesburg,SC,South Carolina,True,,8987.0,25.1,45081,Saluda,"{""45081"": 40.41, ""45003"": 37.71, ""45063"": 21.88}",Saluda|Aiken|Lexington,45081|45003|45063,False,False,America/New_York,1
29010,0.2321869656089682,0.6318946842192967,0.143027271644635,0.3716784392869156,34.21487,-80.26946,Bishopville,SC,South Carolina,True,,11564.0,22.5,45061,Lee,"{""45061"": 99.29, ""45055"": 0.71}",Lee|Kershaw,45061|45055,False,False,America/New_York,1
29031,0.1687763713080168,0.7974683544303798,0.1004901960784313,0.1510989010989011,34.60624,-81.42665,Carlisle,SC,South Carolina,True,,1747.0,5.2,45023,Chester,"{""45023"": 50.18, ""45087"": 44.11, ""45039"": 5.71}",Chester|Union|Fairfield,45023|45087|45039,False,False,America/New_York,1
29048,0.348012470771629,0.6003875968992248,0.0768619135966074,0.4102054340622929,33.39057,-80.29702,Eutawville,SC,South Carolina,True,,4680.0,40.3,45075,Orangeburg,"{""45075"": 100}",Orangeburg,45075,False,False,America/New_York,1
29062,0.5486725663716814,0.7522123893805309,0.0736842105263157,0.3888888888888889,33.99818,-80.60785,Horatio,SC,South Carolina,True,,9.0,0.3,45085,Sumter,"{""45085"": 100}",Sumter,45085,False,False,America/New_York,1
29065,0.1765873015873016,0.7817460317460317,0.1902313624678663,0.5778894472361809,34.29495,-81.29239,Jenkinsville,SC,South Carolina,True,,574.0,8.6,45039,Fairfield,"{""45039"": 100}",Fairfield,45039,False,False,America/New_York,1
29067,0.1818583094239682,0.2083135617348391,0.1082331174838112,0.4558176729308276,34.54976,-80.53268,Kershaw,SC,South Carolina,True,,11498.0,23.4,45057,Lancaster,"{""45057"": 54.13, ""45055"": 45.87}",Lancaster|Kershaw,45057|45055,False,False,America/New_York,1
29073,0.1321631717463282,0.1040507667900581,0.2177982283156478,0.7207429903241754,33.89299,-81.23774,Lexington,SC,South Carolina,True,,51471.0,242.8,45063,Lexington,"{""45063"": 100}",Lexington,45063,False,False,America/New_York,0
29107,0.2113144758735441,0.3344305464121132,0.0776231263383297,0.3038105046343975,33.52348,-81.11856,Neeses,SC,South Carolina,True,,2695.0,15.0,45075,Orangeburg,"{""45075"": 100}",Orangeburg,45075,False,False,America/New_York,1
29536,0.3414471692400848,0.5565331114017358,0.1031925477073347,0.3858678955453149,34.41911,-79.37241,Dillon,SC,South Carolina,True,,15825.0,47.5,45033,Dillon,"{""45033"": 100}",Dillon,45033,False,False,America/New_York,1
29544,0.1765551959726717,0.046987087517934,0.1691195455719081,0.3539473684210526,34.00067,-79.21083,Galivants Ferry,SC,South Carolina,True,,7616.0,24.4,45051,Horry,"{""45051"": 100}",Horry,45051,False,False,America/New_York,1
29565,0.2676150852234599,0.4881731925698249,0.119530416221985,0.5862457722660653,34.35841,-79.50457,Latta,SC,South Carolina,True,,6460.0,19.7,45033,Dillon,"{""45033"": 92.43, ""45067"": 4.43, ""45069"": 3.14}",Dillon|Marion|Marlboro,45033|45067|45069,False,False,America/New_York,1
29575,0.0796656792213288,0.0422654268808114,0.2734959349593496,0.5078263675972244,33.628,-78.97369,Myrtle Beach,SC,South Carolina,True,,19455.0,735.6,45051,Horry,"{""45051"": 100}",Horry,45051,False,False,America/New_York,0
29585,0.1016268326973287,0.0942096817330837,0.4950098167539267,0.5649372668701255,33.50537,-79.13557,Pawleys Island,SC,South Carolina,True,,17346.0,108.4,45043,Georgetown,"{""45043"": 100}",Georgetown,45043,False,False,America/New_York,0
29630,0.2669884415089547,0.0953969725054062,0.3323639385126714,0.5165072508485036,34.73882,-82.79646,Central,SC,South Carolina,True,,15497.0,97.2,45077,Pickens,"{""45077"": 88.02, ""45007"": 11.98}",Pickens|Anderson,45077|45007,False,False,America/New_York,0
29638,0.1514423076923076,0.1576590026873693,0.1615417929839757,0.4147982062780269,34.36087,-82.3346,Donalds,SC,South Carolina,True,,3669.0,24.3,45001,Abbeville,"{""45001"": 83.92, ""45047"": 16.08}",Abbeville|Greenwood,45001|45047,False,False,America/New_York,1
29646,0.2696349257935218,0.4235556974146185,0.193439820503232,0.5058267716535433,34.13995,-82.15032,Greenwood,SC,South Carolina,True,,28413.0,108.2,45047,Greenwood,"{""45047"": 96.05, ""45001"": 3.95}",Greenwood|Abbeville,45047|45001,False,False,America/New_York,1
29651,0.0931712233841501,0.1015335250239613,0.2776238935388691,0.6180085824423595,34.94653,-82.22649,Greer,SC,South Carolina,True,,54320.0,234.1,45045,Greenville,"{""45045"": 56.27, ""45083"": 43.73}",Greenville|Spartanburg,45045|45083,False,False,America/New_York,0
29654,0.1265418502202643,0.0884383561643835,0.1651590767311291,0.4351226448631354,34.46621,-82.36354,Honea Path,SC,South Carolina,True,,9998.0,32.4,45007,Anderson,"{""45007"": 36.74, ""45001"": 29.52, ""45045"": 23.41, ""45059"": 10.33}",Anderson|Abbeville|Greenville|Laurens,45007|45001|45045|45059,False,False,America/New_York,0
29662,0.0842502767107233,0.2523316395446067,0.3146988395652975,0.7200274035167846,34.77837,-82.30557,Mauldin,SC,South Carolina,True,,15115.0,1059.0,45045,Greenville,"{""45045"": 100}",Greenville,45045,False,False,America/New_York,0
29669,0.1204878448064172,0.1035442416305148,0.1312320916905444,0.5091397849462366,34.6405,-82.41495,Pelzer,SC,South Carolina,True,,14712.0,92.1,45045,Greenville,"{""45045"": 72.14, ""45007"": 27.86}",Greenville|Anderson,45045|45007,False,False,America/New_York,0
29828,0.3466850828729281,0.2997237569060773,0.1785714285714285,0.4203539823008849,33.52299,-81.82891,Gloverville,SC,South Carolina,True,,419.0,247.7,45003,Aiken,"{""45003"": 100}",Aiken,45003,False,False,America/New_York,1
29801,0.1854860652233062,0.458975651923354,0.2280507131537242,0.5091320754716981,33.58675,-81.69701,Aiken,SC,South Carolina,True,,30088.0,130.7,45003,Aiken,"{""45003"": 100}",Aiken,45003,False,False,America/New_York,1
29816,0.511864406779661,0.1581920903954802,0.0324675324675324,0.2694610778443114,33.50105,-81.87164,Bath,SC,South Carolina,True,,931.0,602.4,45003,Aiken,"{""45003"": 100}",Aiken,45003,False,False,America/New_York,1
29826,0.1972789115646258,0.9047619047619048,0.032258064516129,0.2439024390243902,33.383,-81.36697,Elko,SC,South Carolina,True,,194.0,37.1,45011,Barnwell,"{""45011"": 100}",Barnwell,45011,False,False,America/New_York,1
29856,0.3714109292991664,0.1250385921580734,0.0735367683841921,0.2894472361809045,33.48365,-81.51276,Windsor,SC,South Carolina,True,,3473.0,24.7,45003,Aiken,"{""45003"": 100}",Aiken,45003,False,False,America/New_York,1
29906,0.1482483781278962,0.3765869501033362,0.2039012895201937,0.5439798949051862,32.44521,-80.75159,Beaufort,SC,South Carolina,True,,26562.0,228.1,45013,Beaufort,"{""45013"": 100}",Beaufort,45013,False,False,America/New_York,0
29916,0.1049129989764585,0.2548618219037871,0.1073667711598746,0.4588235294117647,32.72863,-80.95708,Early Branch,SC,South Carolina,True,,1595.0,9.7,45049,Hampton,"{""45049"": 63.06, ""45053"": 36.94}",Hampton|Jasper,45049|45053,False,False,America/New_York,1
29928,0.0696288102261553,0.0237964152443873,0.6396634448230304,0.5227590492465434,32.16214,-80.76274,Hilton Head Island,SC,South Carolina,True,,15178.0,283.1,45013,Beaufort,"{""45013"": 100}",Beaufort,45013,False,False,America/New_York,0
29929,0.0760456273764258,0.3371356147021546,0.1402714932126696,0.3202614379084967,32.93805,-80.9434,Islandton,SC,South Carolina,True,,1301.0,6.4,45029,Colleton,"{""45029"": 100}",Colleton,45029,False,False,America/New_York,1
29160,0.1745061816114821,0.2125740062024246,0.1238970588235294,0.4530120481927711,33.74358,-81.04188,Swansea,SC,South Carolina,True,,7196.0,23.5,45063,Lexington,"{""45063"": 61.51, ""45017"": 38.07, ""45075"": 0.42}",Lexington|Calhoun|Orangeburg,45063|45017|45075,False,False,America/New_York,1
29070,0.1676106304848447,0.1087533156498673,0.1573679332715477,0.4954413593037712,33.91742,-81.45517,Leesville,SC,South Carolina,True,,15528.0,36.5,45063,Lexington,"{""45063"": 77.95, ""45081"": 22.05}",Lexington|Saluda,45063|45081,False,False,America/New_York,0
29113,0.1937544357700497,0.4572619874913134,0.1257485029940119,0.2555831265508685,33.43514,-81.13173,Norway,SC,South Carolina,True,,2186.0,20.4,45075,Orangeburg,"{""45075"": 100}",Orangeburg,45075,False,False,America/New_York,1
29133,0.2526636225266362,0.6971080669710806,0.1185344827586206,0.2986425339366516,33.35726,-80.80698,Rowesville,SC,South Carolina,True,,1198.0,8.1,45075,Orangeburg,"{""45075"": 100}",Orangeburg,45075,False,False,America/New_York,1
29164,0.1796153846153846,0.2405426060374474,0.1867335562987737,0.4439283344392833,33.65699,-81.42586,Wagener,SC,South Carolina,True,,4961.0,17.9,45003,Aiken,"{""45003"": 100}",Aiken,45003,False,False,America/New_York,1
29205,0.1921267530623114,0.2031371585370848,0.6199237305144845,0.6480739062227645,33.99001,-80.99661,Columbia,SC,South Carolina,True,,22757.0,1360.9,45079,Richland,"{""45079"": 100}",Richland,45079,False,False,America/New_York,0
29301,0.2035807684570509,0.3405614769161177,0.2695886598834681,0.5700947225981056,34.93516,-82.01301,Spartanburg,SC,South Carolina,True,,35694.0,500.5,45083,Spartanburg,"{""45083"": 100}",Spartanburg,45083,False,False,America/New_York,0
29335,0.123901213897028,0.1932131839584348,0.0819819819819819,0.4743351886209029,34.65714,-81.90035,Enoree,SC,South Carolina,True,,5751.0,23.2,45083,Spartanburg,"{""45083"": 66.79, ""45059"": 18.98, ""45087"": 14.23}",Spartanburg|Laurens|Union,45083|45059|45087,False,False,America/New_York,1
29360,0.2247845671758715,0.3022048668984237,0.1597274275979557,0.4938032532920217,34.49361,-82.04884,Laurens,SC,South Carolina,True,,22066.0,56.7,45059,Laurens,"{""45059"": 100}",Laurens,45059,False,False,America/New_York,1
29431,0.1086271567891973,0.0872754491017964,0.1424556852572416,0.4817073170731707,33.27708,-79.87711,Bonneau,SC,South Carolina,True,,7376.0,33.6,45015,Berkeley,"{""45015"": 100}",Berkeley,45015,False,False,America/New_York,0
29451,0.0491510277033065,0.001784917447568,0.707517730496454,0.5826625386996904,32.81633,-79.75266,Isle Of Palms,SC,South Carolina,True,,4382.0,185.6,45019,Charleston,"{""45019"": 100}",Charleston,45019,False,False,America/New_York,0
29493,0.3160621761658031,0.5077720207253886,0.2288135593220339,0.3877551020408163,33.04536,-80.84276,Williams,SC,South Carolina,True,,162.0,25.4,45029,Colleton,"{""45029"": 100}",Colleton,45029,False,False,America/New_York,1
29505,0.1254597631461946,0.353133994243684,0.2831131533601378,0.6332480091012515,34.12348,-79.68974,Florence,SC,South Carolina,True,,23953.0,181.8,45041,Florence,"{""45041"": 100}",Florence,45041,False,False,America/New_York,0
29543,0.393177737881508,0.2594268476621418,0.1276190476190476,0.2317880794701986,34.28759,-79.26591,Fork,SC,South Carolina,True,,350.0,7.3,45033,Dillon,"{""45033"": 100}",Dillon,45033,False,False,America/New_York,1
29563,0.3554158607350097,0.2627772420443587,0.0930375847196549,0.3393213572854291,34.35301,-79.2044,Lake View,SC,South Carolina,True,,2016.0,20.7,45033,Dillon,"{""45033"": 100}",Dillon,45033,False,False,America/New_York,1
29564,0.2139201637666325,0.9227683049147444,0.1473988439306358,0.5302491103202847,33.47686,-79.85522,Lane,SC,South Carolina,True,,1290.0,9.7,45089,Williamsburg,"{""45089"": 100}",Williamsburg,45089,False,False,America/New_York,1
29624,0.2987557389047841,0.4276153346328785,0.0661071293851376,0.4458144062297209,34.43778,-82.62553,Anderson,SC,South Carolina,True,,14490.0,198.6,45007,Anderson,"{""45007"": 100}",Anderson,45007,False,False,America/New_York,1
29627,0.2033776130161672,0.1476990207519407,0.1200916956296679,0.4489646325820047,34.51807,-82.47861,Belton,SC,South Carolina,True,,16518.0,53.7,45007,Anderson,"{""45007"": 82.88, ""45045"": 15.7, ""45001"": 1.42}",Anderson|Greenville|Abbeville,45007|45045|45001,False,False,America/New_York,1
29650,0.0529765466928842,0.0818086403993986,0.4925615026595745,0.693009440967434,34.89805,-82.25826,Greer,SC,South Carolina,True,,41272.0,886.7,45045,Greenville,"{""45045"": 98.74, ""45083"": 1.26}",Greenville|Spartanburg,45045|45083,False,False,America/New_York,0
29653,0.1081016299137104,0.1918299092212135,0.1910887982428616,0.5094217024041585,34.30028,-82.23173,Hodges,SC,South Carolina,True,,3894.0,21.2,45047,Greenwood,"{""45047"": 92.73, ""45001"": 7.27}",Greenwood|Abbeville,45047|45001,False,False,America/New_York,0
29512,0.261509635974304,0.5861797310224524,0.0839802399435427,0.4142316017316017,34.62733,-79.71091,Bennettsville,SC,South Carolina,True,,17408.0,31.0,45069,Marlboro,"{""45069"": 100}",Marlboro,45069,False,False,America/New_York,1
29550,0.1880909147830442,0.3224334833593582,0.2279914820352498,0.5090074584050488,34.39309,-80.07595,Hartsville,SC,South Carolina,True,,30198.0,56.0,45031,Darlington,"{""45031"": 80.94, ""45025"": 16.83, ""45061"": 2.23}",Darlington|Chesterfield|Lee,45031|45025|45061,False,False,America/New_York,1
29579,0.1017906075781914,0.0940214973186895,0.3068689835209659,0.711482761842474,33.76052,-78.91463,Myrtle Beach,SC,South Carolina,True,,53699.0,391.4,45051,Horry,"{""45051"": 100}",Horry,45051,False,False,America/New_York,0
29584,0.2689747003994673,0.0856255545696539,0.0627891606080634,0.3100558659217877,34.5764,-80.05419,Patrick,SC,South Carolina,True,,2527.0,8.5,45025,Chesterfield,"{""45025"": 100}",Chesterfield,45025,False,False,America/New_York,1
29591,0.2095619208087615,0.2904555761698619,0.0707159624413145,0.3368185212845407,33.93894,-79.759,Scranton,SC,South Carolina,True,,4292.0,23.5,45041,Florence,"{""45041"": 100}",Florence,45041,False,False,America/New_York,1
29532,0.2197785606441872,0.4901874418832281,0.1546757485454803,0.4696363982486198,34.28421,-79.85119,Darlington,SC,South Carolina,True,,20272.0,68.2,45031,Darlington,"{""45031"": 100}",Darlington,45031,False,False,America/New_York,1
29540,0.2111773801634636,0.5772034459907224,0.1047619047619047,0.4234503360716953,34.38903,-79.85028,Darlington,SC,South Carolina,True,,3596.0,12.9,45031,Darlington,"{""45031"": 100}",Darlington,45031,False,False,America/New_York,1
29545,0.3173016864459713,0.3044280442804428,0.1375332741792369,0.2893258426966292,34.16175,-78.96635,Green Sea,SC,South Carolina,True,,2066.0,21.8,45051,Horry,"{""45051"": 100}",Horry,45051,False,False,America/New_York,1
29546,0.1915422885572139,0.4396186440677966,0.1117982873453853,0.4151785714285714,33.89001,-79.35151,Gresham,SC,South Carolina,True,,2574.0,7.0,45067,Marion,"{""45067"": 100}",Marion,45067,False,False,America/New_York,1
29834,0.2240951908775409,0.1504164625183733,0.0400616332819722,0.3653846153846153,33.5178,-81.84216,Langley,SC,South Carolina,True,,519.0,1286.6,45003,Aiken,"{""45003"": 100}",Aiken,45003,False,False,America/New_York,1
29835,0.1428335262026781,0.4417087885211153,0.2608349900596421,0.4155060352831941,33.91779,-82.29559,McCormick,SC,South Carolina,True,,6325.0,14.3,45065,McCormick,"{""45065"": 85.45, ""45037"": 14.55}",McCormick|Edgefield,45065|45037,False,False,America/New_York,1
29844,0.0588235294117647,0.0413223140495867,0.1188118811881188,0.6515151515151515,33.78528,-82.2142,Parksville,SC,South Carolina,True,,91.0,33.7,45065,McCormick,"{""45065"": 100}",McCormick,45065,False,False,America/New_York,0
29853,0.3747326862970883,0.4688059944616387,0.1016640665626625,0.4873949579831932,33.39871,-81.43217,Williston,SC,South Carolina,True,,6011.0,19.1,45011,Barnwell,"{""45011"": 75.21, ""45003"": 24.79}",Barnwell|Aiken,45011|45003,False,False,America/New_York,1
29860,0.0836485123550176,0.1696124031007752,0.3464762230585015,0.6410009624639076,33.60667,-81.97776,North Augusta,SC,South Carolina,True,,17412.0,123.7,45037,Edgefield,"{""45037"": 85.51, ""45003"": 14.49}",Edgefield|Aiken,45037|45003,False,False,America/New_York,0
29921,0.146067415730337,0.702247191011236,0.1904761904761904,0.1475409836065573,32.68664,-81.18011,Furman,SC,South Carolina,True,,628.0,47.1,45049,Hampton,"{""45049"": 100}",Hampton,45049,False,False,America/New_York,1
29924,0.1553398058252427,0.3174982095965624,0.117724432752384,0.4106689246401355,32.87737,-81.10749,Hampton,SC,South Carolina,True,,4531.0,35.8,45049,Hampton,"{""45049"": 100}",Hampton,45049,False,False,America/New_York,1
29934,0.2051792828685259,0.8326693227091634,0.1871584699453552,0.3216783216783216,32.59651,-81.11245,Pineland,SC,South Carolina,True,,560.0,2.8,45053,Jasper,"{""45053"": 87.42, ""45049"": 12.58}",Jasper|Hampton,45053|45049,False,False,America/New_York,1
29592,0.3328822733423545,0.8335588633288228,0.1156069364161849,0.5539906103286385,34.26941,-79.47704,Sellers,SC,South Carolina,True,,946.0,10.6,45067,Marion,"{""45067"": 57.24, ""45033"": 42.76}",Marion|Dillon,45067|45033,False,False,America/New_York,1
29594,0.4396551724137931,0.5948275862068966,0.0092592592592592,0.16,34.64017,-79.57728,Tatum,SC,South Carolina,True,,140.0,23.6,45069,Marlboro,"{""45069"": 100}",Marlboro,45069,False,False,America/New_York,1
29601,0.1985688729874776,0.2942595272551857,0.4709533014548784,0.6337299534402483,34.84744,-82.40257,Greenville,SC,South Carolina,True,,13452.0,1222.5,45045,Greenville,"{""45045"": 100}",Greenville,45045,False,False,America/New_York,0
29620,0.1807415434631163,0.3445667125171939,0.1562873600695576,0.4374841491250317,34.1813,-82.42804,Abbeville,SC,South Carolina,True,,12116.0,18.9,45001,Abbeville,"{""45001"": 96.08, ""45065"": 3.92}",Abbeville|McCormick,45001|45065,False,False,America/New_York,1
29639,0.1953924914675767,0.2115158636897767,0.2756892230576441,0.4192307692307692,34.31402,-82.4205,Due West,SC,South Carolina,True,,1917.0,45.9,45001,Abbeville,"{""45001"": 100}",Abbeville,45001,False,False,America/New_York,1
29671,0.0968587879824411,0.0347903657448706,0.1841031499918394,0.5233258088788563,34.94071,-82.72057,Pickens,SC,South Carolina,True,,19210.0,56.1,45077,Pickens,"{""45077"": 100}",Pickens,45077,False,False,America/New_York,0
29678,0.2083369822226114,0.1335846440487023,0.2228876448379117,0.4949130292090581,34.63365,-82.93991,Seneca,SC,South Carolina,True,,23507.0,113.8,45073,Oconee,"{""45073"": 99.47, ""45077"": 0.53}",Oconee|Pickens,45073|45077,False,False,America/New_York,0
29706,0.1870828735088549,0.443047183537726,0.1249632244777875,0.4001476559616094,34.71773,-81.23055,Chester,SC,South Carolina,True,,19181.0,27.6,45023,Chester,"{""45023"": 99.72, ""45091"": 0.28}",Chester|York,45023|45091,False,False,America/New_York,1
29715,0.0684668431925975,0.126579337186674,0.4183006535947712,0.7764366037346538,35.01028,-80.92752,Fort Mill,SC,South Carolina,True,,43855.0,484.1,45091,York,"{""45091"": 100}",York,45091,False,False,America/New_York,0
29718,0.1916609076249712,0.1935853379152348,0.0714285714285714,0.4206549118387909,34.6291,-80.35469,Jefferson,SC,South Carolina,True,,4049.0,15.1,45025,Chesterfield,"{""45025"": 90.47, ""45055"": 6.96, ""45057"": 2.57}",Chesterfield|Kershaw|Lancaster,45025|45055|45057,False,False,America/New_York,1
29720,0.1894466058634691,0.2962877419896695,0.1452791756530074,0.5183423365314843,34.74265,-80.73684,Lancaster,SC,South Carolina,True,,51603.0,69.9,45057,Lancaster,"{""45057"": 100}",Lancaster,45057,False,False,America/New_York,1
29554,0.3106173894466994,0.5840093936806149,0.0951141062949915,0.4059690758719885,33.69879,-79.38816,Hemingway,SC,South Carolina,True,,9001.0,16.5,45043,Georgetown,"{""45043"": 51.81, ""45089"": 47.38, ""45041"": 0.81}",Georgetown|Williamsburg|Florence,45043|45089|45041,False,False,America/New_York,1
29555,0.2107919930374238,0.3189236111111111,0.1567808409913673,0.4071856287425149,33.83864,-79.46191,Johnsonville,SC,South Carolina,True,,5804.0,23.6,45041,Florence,"{""45041"": 92.46, ""45089"": 7.54}",Florence|Williamsburg,45041|45089,False,False,America/New_York,1
29556,0.2776425591098748,0.7469632164242943,0.1660795825179387,0.40234375,33.66849,-79.76403,Kingstree,SC,South Carolina,True,,11133.0,24.9,45089,Williamsburg,"{""45089"": 100}",Williamsburg,45089,False,False,America/New_York,1
29566,0.1047039228074206,0.0920729267874492,0.2381927285563007,0.582055833467807,33.8821,-78.65906,Little River,SC,South Carolina,True,,21194.0,252.6,45051,Horry,"{""45051"": 100}",Horry,45051,False,False,America/New_York,0
29572,0.1167149958574979,0.0591397849462365,0.4150562081596564,0.4928909952606635,33.76798,-78.79279,Myrtle Beach,SC,South Carolina,True,,11506.0,499.5,45051,Horry,"{""45051"": 100}",Horry,45051,False,False,America/New_York,0
29576,0.0856983170837732,0.047955780632411,0.2812726482098855,0.5567519430051814,33.56952,-79.05076,Murrells Inlet,SC,South Carolina,True,,32975.0,417.8,45051,Horry,"{""45051"": 53.47, ""45043"": 46.53}",Horry|Georgetown,45051|45043,False,False,America/New_York,0
29583,0.2017953321364452,0.3243823845327604,0.1822002472187886,0.3980929678188319,33.9724,-79.57045,Pamplico,SC,South Carolina,True,,5318.0,19.8,45041,Florence,"{""45041"": 100}",Florence,45041,False,False,America/New_York,1
29596,0.1673544245758826,0.176983035304906,0.1372788285539963,0.3975240715268225,34.74456,-79.83978,Wallace,SC,South Carolina,True,,1972.0,11.8,45069,Marlboro,"{""45069"": 100}",Marlboro,45069,False,False,America/New_York,1
29605,0.1845900399697526,0.40416487300904,0.3208027249969221,0.6224895285146601,34.77693,-82.38064,Greenville,SC,South Carolina,True,,40161.0,624.5,45045,Greenville,"{""45045"": 100}",Greenville,45045,False,False,America/New_York,0
29609,0.1491136248522708,0.1529578128682536,0.3872593730497816,0.6187890306815096,34.91209,-82.38928,Greenville,SC,South Carolina,True,,31080.0,493.9,45045,Greenville,"{""45045"": 100}",Greenville,45045,False,False,America/New_York,0
29611,0.2946591777726079,0.2840995472122153,0.1419196473299268,0.5621965511468274,34.83137,-82.45965,Greenville,SC,South Carolina,True,,33387.0,538.3,45045,Greenville,"{""45045"": 86.01, ""45007"": 11.65, ""45077"": 2.34}",Greenville|Anderson|Pickens,45045|45007|45077,False,False,America/New_York,1
29628,0.3007279344858962,0.3776160145586897,0.0929765886287625,0.3322734499205087,34.09253,-82.55821,Calhoun Falls,SC,South Carolina,True,,2405.0,13.0,45001,Abbeville,"{""45001"": 77.89, ""45065"": 22.11}",Abbeville|McCormick,45001|45065,False,False,America/New_York,1
29645,0.1682469447956173,0.1944356955380577,0.1251470588235294,0.4438241451500349,34.59453,-82.12375,Gray Court,SC,South Carolina,True,,11212.0,40.6,45059,Laurens,"{""45059"": 99.88, ""45045"": 0.12}",Laurens|Greenville,45059|45045,False,False,America/New_York,1
29659,0.3837209302325581,0.4302325581395348,0.064516129032258,0.48,34.21167,-82.64535,Lowndesville,SC,South Carolina,True,,120.0,107.1,45001,Abbeville,"{""45001"": 100}",Abbeville,45001,False,False,America/New_York,1
29655,0.1521837690796433,0.0954021267036094,0.1356242374949166,0.4253897550111358,34.267,-82.64032,Iva,SC,South Carolina,True,,8078.0,22.2,45001,Abbeville,"{""45001"": 54.97, ""45007"": 45.03}",Abbeville|Anderson,45001|45007,False,False,America/New_York,1
29684,0.182570593962999,0.056549057515708,0.105765829501238,0.4883540372670807,34.3791,-82.72722,Starr,SC,South Carolina,True,,5431.0,35.6,45007,Anderson,"{""45007"": 100}",Anderson,45007,False,False,America/New_York,1
29702,0.1881745226455124,0.088091504473757,0.12856221792392,0.4260397830018083,35.11674,-81.47884,Blacksburg,SC,South Carolina,True,,9855.0,40.7,45021,Cherokee,"{""45021"": 85.58, ""45091"": 14.42}",Cherokee|York,45021|45091,False,False,America/New_York,1
29590,0.3151183970856102,0.7105719237435009,0.0721687638786084,0.4359861591695502,33.55892,-79.84784,Salters,SC,South Carolina,True,,3756.0,13.8,45089,Williamsburg,"{""45089"": 100}",Williamsburg,45089,False,False,America/New_York,1
29560,0.3023012552301255,0.6212649217765256,0.1895338610378188,0.3863120337333766,33.83535,-79.74747,Lake City,SC,South Carolina,True,,12284.0,28.8,45041,Florence,"{""45041"": 48.1, ""45089"": 42.0, ""45027"": 9.89}",Florence|Williamsburg|Clarendon,45041|45089|45027,False,False,America/New_York,1
29567,0.1825192802056555,0.2776349614395887,0.0337078651685393,0.2083333333333333,34.55325,-79.42649,Little Rock,SC,South Carolina,True,,532.0,10.7,45033,Dillon,"{""45033"": 100}",Dillon,45033,False,False,America/New_York,1
29574,0.2468306527909177,0.5292632759910246,0.1477991654327635,0.3807471264367816,34.17134,-79.26695,Mullins,SC,South Carolina,True,,9383.0,36.8,45067,Marion,"{""45067"": 99.55, ""45033"": 0.45}",Marion|Dillon,45067|45033,False,False,America/New_York,1
29582,0.1122171945701357,0.0396253602305475,0.3426063566220712,0.4977770177838577,33.83423,-78.66049,North Myrtle Beach,SC,South Carolina,True,,20113.0,354.4,45051,Horry,"{""45051"": 100}",Horry,45051,False,False,America/New_York,0
29625,0.1410716187906118,0.1731934075221862,0.2004106364865541,0.604361770365619,34.55577,-82.76294,Anderson,SC,South Carolina,True,,27475.0,226.0,45007,Anderson,"{""45007"": 100}",Anderson,45007,False,False,America/New_York,0
29635,0.1133698201720093,0.0258014073494917,0.2519762845849802,0.5714285714285714,35.07754,-82.63152,Cleveland,SC,South Carolina,True,,1528.0,11.1,45045,Greenville,"{""45045"": 81.8, ""45077"": 18.2}",Greenville|Pickens,45045|45077,False,False,America/New_York,0
29683,0.0778816199376947,0.0,0.1238532110091743,0.7280701754385965,35.03032,-82.49306,Slater,SC,South Carolina,True,,337.0,884.9,45045,Greenville,"{""45045"": 100}",Greenville,45045,False,False,America/New_York,0
29686,0.2076852698993595,0.0197594501718213,0.2022194821208384,0.46,34.92858,-83.04541,Tamassee,SC,South Carolina,True,,932.0,11.2,45073,Oconee,"{""45073"": 100}",Oconee,45073,False,False,America/New_York,0
29697,0.1349523740274849,0.0930839495432796,0.1674588261302089,0.5651694681730505,34.62887,-82.54786,Williamston,SC,South Carolina,True,,14426.0,142.0,45007,Anderson,"{""45007"": 100}",Anderson,45007,False,False,America/New_York,0
29001,0.1784548422198041,0.4472252448313384,0.0966514459665144,0.4510108864696734,33.78528,-80.17338,Alcolu,SC,South Carolina,True,,2244.0,12.3,45027,Clarendon,"{""45027"": 89.09, ""45085"": 10.91}",Clarendon|Sumter,45027|45085,False,False,America/New_York,1
29481,0.2616088947024199,0.4682799215173316,0.117391304347826,0.2550091074681239,33.11382,-80.80301,Smoaks,SC,South Carolina,True,,1742.0,7.6,45029,Colleton,"{""45029"": 84.61, ""45009"": 15.39}",Colleton|Bamberg,45029|45009,False,False,America/New_York,1
29824,0.1844935763370182,0.4068893769506415,0.1681947993386442,0.5102793885081708,33.81647,-81.99666,Edgefield,SC,South Carolina,True,,7598.0,12.5,45037,Edgefield,"{""45037"": 98.26, ""45081"": 1.74}",Edgefield|Saluda,45037|45081,False,False,America/New_York,1
29827,0.1909630606860158,0.6380697050938338,0.1033333333333333,0.2786127167630058,32.96951,-81.24542,Fairfax,SC,South Carolina,True,,3792.0,14.0,45005,Allendale,"{""45005"": 96.17, ""45049"": 3.83}",Allendale|Hampton,45005|45049,False,False,America/New_York,1
29845,0.1864594894561598,0.5960044395116537,0.1193467336683417,0.3518518518518518,33.8231,-82.20788,Plum Branch,SC,South Carolina,True,,1127.0,6.0,45065,McCormick,"{""45065"": 92.36, ""45037"": 7.64}",McCormick|Edgefield,45065|45037,False,False,America/New_York,1
29922,0.2922002328288707,0.7717889908256881,0.1,0.2848484848484848,32.59632,-81.27407,Garnett,SC,South Carolina,True,,907.0,2.4,45049,Hampton,"{""45049"": 66.78, ""45053"": 33.22}",Hampton|Jasper,45049|45053,False,False,America/New_York,1
29926,0.1114666666666666,0.0751412215187474,0.4891319656354161,0.5782398897058824,32.22936,-80.74931,Hilton Head Island,SC,South Carolina,True,,25174.0,338.6,45013,Beaufort,"{""45013"": 100}",Beaufort,45013,False,False,America/New_York,0
29932,0.625,0.6180555555555556,0.0987654320987654,0.0666666666666666,32.82529,-81.34853,Luray,SC,South Carolina,True,,229.0,1.3,45005,Allendale,"{""45005"": 88.73, ""45049"": 11.27}",Allendale|Hampton,45005|45049,False,False,America/New_York,1
29036,0.0415863277826468,0.0388075268349919,0.4690335545947263,0.6946428571428571,34.13396,-81.33622,Chapin,SC,South Carolina,True,,26720.0,187.1,45063,Lexington,"{""45063"": 72.67, ""45079"": 23.68, ""45071"": 3.65}",Lexington|Richland|Newberry,45063|45079|45071,False,False,America/New_York,0
29037,0.2463157894736842,0.1126315789473684,0.1471074380165289,0.3399339933993399,34.18961,-81.86868,Chappells,SC,South Carolina,True,,1050.0,5.9,45071,Newberry,"{""45071"": 57.22, ""45081"": 37.88, ""45059"": 4.9}",Newberry|Saluda|Laurens,45071|45081|45059,False,False,America/New_York,1
29039,0.1208963001563314,0.3905680041688379,0.189540059347181,0.3745387453874538,33.41855,-80.90556,Cordova,SC,South Carolina,True,,3008.0,48.4,45075,Orangeburg,"{""45075"": 100}",Orangeburg,45075,False,False,America/New_York,1
29040,0.1304856641310708,0.3847352024922118,0.1868595539481615,0.6067415730337079,34.06253,-80.43455,Dalzell,SC,South Carolina,True,,8906.0,63.2,45085,Sumter,"{""45085"": 61.46, ""45061"": 38.54}",Sumter|Lee,45085|45061,False,False,America/New_York,0
29042,0.2349713740458015,0.8024026512013256,0.1730225988700565,0.4256684491978609,33.30735,-81.14723,Denmark,SC,South Carolina,True,,4761.0,29.9,45009,Bamberg,"{""45009"": 100}",Bamberg,45009,False,False,America/New_York,1
29056,0.2195013357079252,0.6338028169014085,0.1022364217252396,0.3866120218579235,33.60798,-79.99473,Greeleyville,SC,South Carolina,True,,2288.0,8.6,45089,Williamsburg,"{""45089"": 88.6, ""45027"": 11.4}",Williamsburg|Clarendon,45089|45027,False,False,America/New_York,1
29058,0.1271588946459412,0.2895413630518645,0.1170483460559796,0.5321955003878976,34.56297,-80.73473,Heath Springs,SC,South Carolina,True,,5790.0,15.4,45057,Lancaster,"{""45057"": 90.05, ""45055"": 9.95}",Lancaster|Kershaw,45057|45055,False,False,America/New_York,1
29059,0.2109515260323159,0.6416651713619236,0.1782828282828283,0.3562540929927963,33.32853,-80.41891,Holly Hill,SC,South Carolina,True,,5234.0,18.5,45075,Orangeburg,"{""45075"": 95.18, ""45015"": 4.82}",Orangeburg|Berkeley,45075|45015,False,False,America/New_York,1
29838,0.0547112462006079,0.0699088145896656,0.3107142857142857,0.5,33.73452,-82.1667,Modoc,SC,South Carolina,True,,748.0,9.9,45037,Edgefield,"{""45037"": 60.52, ""45065"": 39.48}",Edgefield|McCormick,45037|45065,False,False,America/New_York,0
29841,0.1656846716229139,0.2037888541475078,0.2714273143259416,0.6140510948905109,33.52508,-81.93954,North Augusta,SC,South Carolina,True,,32409.0,391.7,45003,Aiken,"{""45003"": 100}",Aiken,45003,False,False,America/New_York,0
29911,0.0759974667511083,0.3356379635449403,0.1073170731707317,0.3562945368171021,32.9327,-81.14536,Brunson,SC,South Carolina,True,,1292.0,6.2,45049,Hampton,"{""45049"": 100}",Hampton,45049,False,False,America/New_York,1
29918,0.3035752062618997,0.7081235313863713,0.0869876072449952,0.1314907872696817,32.74461,-81.24899,Estill,SC,South Carolina,True,,4777.0,17.1,45049,Hampton,"{""45049"": 100}",Hampton,45049,False,False,America/New_York,1
29920,0.1689107543587087,0.546090108751942,0.3046335108190778,0.5668995163890381,32.36441,-80.54946,Saint Helena Island,SC,South Carolina,True,,9918.0,39.2,45013,Beaufort,"{""45013"": 100}",Beaufort,45013,False,False,America/New_York,0
29927,0.2507404759472985,0.3166141011293112,0.134899642134744,0.6076142131979695,32.24343,-81.04971,Hardeeville,SC,South Carolina,True,,10517.0,20.3,45053,Jasper,"{""45053"": 99.59, ""45013"": 0.41}",Jasper|Beaufort,45053|45013,False,False,America/New_York,1
29708,0.0213789860884476,0.0660128564364595,0.5704372544101664,0.7871040511326253,35.04655,-80.98604,Fort Mill,SC,South Carolina,True,,42931.0,871.1,45091,York,"{""45091"": 100}",York,45091,False,False,America/New_York,0
29726,0.1187943262411347,0.2427643236857649,0.1589147286821705,0.338,34.85738,-81.23223,McConnells,SC,South Carolina,True,,2086.0,20.0,45091,York,"{""45091"": 100}",York,45091,False,False,America/New_York,1
29728,0.2343289861169541,0.3091499162479062,0.0934229026714575,0.3873626373626374,34.76831,-80.40445,Pageland,SC,South Carolina,True,,9470.0,38.4,45025,Chesterfield,"{""45025"": 100}",Chesterfield,45025,False,False,America/New_York,1
29803,0.0793592820619847,0.1528246972610571,0.4191243432574431,0.5691229727601953,33.45889,-81.70076,Aiken,SC,South Carolina,True,,40069.0,121.3,45003,Aiken,"{""45003"": 100}",Aiken,45003,False,False,America/New_York,0
29805,0.0765488160882257,0.244627565034739,0.1901283753873395,0.5913978494623656,33.6495,-81.61044,Aiken,SC,South Carolina,True,,4882.0,19.3,45003,Aiken,"{""45003"": 100}",Aiken,45003,False,False,America/New_York,0
29809,0.1792647666253614,0.3694136941369413,0.1513269339356296,0.4164588528678304,33.41653,-81.6889,New Ellenton,SC,South Carolina,True,,2426.0,173.6,45003,Aiken,"{""45003"": 100}",Aiken,45003,False,False,America/New_York,1
29163,0.3864107883817427,0.8687759336099585,0.0580789277736411,0.3348729792147806,33.42019,-80.43918,Vance,SC,South Carolina,True,,1546.0,18.7,45075,Orangeburg,"{""45075"": 100}",Orangeburg,45075,False,False,America/New_York,1
29172,0.189544977582753,0.3367949695121951,0.1805396096440872,0.6800766283524904,33.90603,-81.07264,West Columbia,SC,South Carolina,True,,9354.0,151.3,45063,Lexington,"{""45063"": 100}",Lexington,45063,False,False,America/New_York,0
29180,0.2381330255374404,0.618085411292634,0.15370831259333,0.3673009514271407,34.36472,-81.09821,Winnsboro,SC,South Carolina,True,,11862.0,14.9,45039,Fairfield,"{""45039"": 95.55, ""45079"": 4.45}",Fairfield|Richland,45039|45079,False,False,America/New_York,1
29207,0.4444444444444444,0.2621841890790546,0.4403765690376569,1.0,34.04306,-80.84208,Columbia,SC,South Carolina,True,,9289.0,54.7,45079,Richland,"{""45079"": 100}",Richland,45079,False,False,America/New_York,0
29325,0.198728374981517,0.2951024981873311,0.2174260591526778,0.5397536394176932,34.47682,-81.83973,Clinton,SC,South Carolina,True,,14164.0,34.8,45059,Laurens,"{""45059"": 100}",Laurens,45059,False,False,America/New_York,1
29334,0.0979758223221816,0.1870936167237642,0.3062231084059187,0.6746244635193133,34.90372,-82.12526,Duncan,SC,South Carolina,True,,18260.0,306.9,45083,Spartanburg,"{""45083"": 100}",Spartanburg,45083,False,False,America/New_York,0
29338,0.0,0.0,0.0,0.0,35.13444,-82.00172,Fingerville,SC,South Carolina,True,,66.0,163.1,45083,Spartanburg,"{""45083"": 100}",Spartanburg,45083,False,False,America/New_York,1
29009,0.146195652173913,0.3441558441558441,0.0685714285714285,0.2871012482662968,34.44097,-80.37642,Bethune,SC,South Carolina,True,,2396.0,8.3,45055,Kershaw,"{""45055"": 91.29, ""45025"": 6.14, ""45061"": 2.57}",Kershaw|Chesterfield|Lee,45055|45025|45061,False,False,America/New_York,1
29015,0.174757281553398,0.8524271844660194,0.1238361266294227,0.4309978768577495,34.4412,-81.33807,Blair,SC,South Carolina,True,,1326.0,4.4,45039,Fairfield,"{""45039"": 100}",Fairfield,45039,False,False,America/New_York,1
29016,0.0723314606741573,0.3573332086586563,0.4366728382363025,0.6738758363155438,34.20367,-80.99296,Blythewood,SC,South Carolina,True,,29193.0,129.6,45079,Richland,"{""45079"": 90.46, ""45039"": 9.54}",Richland|Fairfield,45079|45039,False,False,America/New_York,0
29078,0.1419063465652484,0.1650686553030303,0.2198388994479138,0.6236599586232838,34.18162,-80.6994,Lugoff,SC,South Carolina,True,,16370.0,50.3,45055,Kershaw,"{""45055"": 88.54, ""45079"": 11.46}",Kershaw|Richland,45055|45079,False,False,America/New_York,0
29102,0.2374742621825669,0.4826230628988149,0.1668159244484246,0.4907601447894837,33.6437,-80.19225,Manning,SC,South Carolina,True,,16133.0,25.6,45027,Clarendon,"{""45027"": 100}",Clarendon,45027,False,False,America/New_York,1
29105,0.2294946147473073,0.24026512013256,0.1606022584692597,0.203883495145631,33.80764,-81.59047,Monetta,SC,South Carolina,True,,1640.0,20.7,45003,Aiken,"{""45003"": 76.04, ""45081"": 23.96}",Aiken|Saluda,45003|45081,False,False,America/New_York,1
29115,0.2799924285443876,0.7363819529394834,0.2256747061096086,0.3482076176250933,33.47673,-80.84758,Orangeburg,SC,South Carolina,True,,27179.0,84.2,45075,Orangeburg,"{""45075"": 100}",Orangeburg,45075,False,False,America/New_York,1
29125,0.1278825995807128,0.5364016736401673,0.1619156214367161,0.3871763255240444,33.70165,-80.47434,Pinewood,SC,South Carolina,True,,3081.0,10.3,45085,Sumter,"{""45085"": 53.33, ""45027"": 46.67}",Sumter|Clarendon,45085|45027,False,False,America/New_York,1
29135,0.2110691823899371,0.4884006382717564,0.187042842215256,0.3618110236220472,33.68834,-80.7875,Saint Matthews,SC,South Carolina,True,,7940.0,15.8,45017,Calhoun,"{""45017"": 98.92, ""45075"": 1.08}",Calhoun|Orangeburg,45017|45075,False,False,America/New_York,1
29145,0.2164705882352941,0.3474178403755869,0.0612648221343873,0.3166666666666666,34.21905,-81.77453,Silverstreet,SC,South Carolina,True,,641.0,5.5,45071,Newberry,"{""45071"": 100}",Newberry,45071,False,False,America/New_York,1
29154,0.1613144137415982,0.3735907648686964,0.1859445843828715,0.5944279786603438,33.88515,-80.47547,Sumter,SC,South Carolina,True,,29659.0,107.3,45085,Sumter,"{""45085"": 100}",Sumter,45085,False,False,America/New_York,0
29175,0.2266355140186916,0.1214953271028037,0.1356466876971608,0.3421052631578947,34.44266,-80.60666,Westville,SC,South Carolina,True,,247.0,11.7,45055,Kershaw,"{""45055"": 100}",Kershaw,45055,False,False,America/New_York,1
29201,0.4605543710021322,0.2090843547224224,0.5249157438613384,0.6931340495095749,33.98381,-81.02829,Columbia,SC,South Carolina,True,,22955.0,768.7,45079,Richland,"{""45079"": 100}",Richland,45079,False,False,America/New_York,0
29210,0.1836928934010152,0.551027676027676,0.2784107615407233,0.6682424447070742,34.04764,-81.10697,Columbia,SC,South Carolina,True,,40504.0,932.8,45079,Richland,"{""45079"": 70.56, ""45063"": 29.44}",Richland|Lexington,45079|45063,False,False,America/New_York,0
29332,0.235509904622157,0.2542618788538266,0.1307650569723277,0.3882783882783883,34.28329,-81.97292,Cross Hill,SC,South Carolina,True,,3261.0,27.0,45059,Laurens,"{""45059"": 96.7, ""45071"": 3.3}",Laurens|Newberry,45059|45071,False,False,America/New_York,1
29349,0.114561831488084,0.081815660534344,0.2127929901423877,0.6071914480077746,35.07045,-82.0688,Inman,SC,South Carolina,True,,37314.0,187.4,45083,Spartanburg,"{""45083"": 100}",Spartanburg,45083,False,False,America/New_York,0
29375,0.5072463768115942,0.0,0.1351351351351351,0.7,34.86049,-82.11386,Reidville,SC,South Carolina,True,,129.0,406.1,45083,Spartanburg,"{""45083"": 100}",Spartanburg,45083,False,False,America/New_York,1
29377,0.0698174006444683,0.1482277121374865,0.0,0.6263157894736842,34.93036,-82.0971,Startex,SC,South Carolina,True,,422.0,114.4,45083,Spartanburg,"{""45083"": 100}",Spartanburg,45083,False,False,America/New_York,0
29420,0.120666405672278,0.3558194774346793,0.2935545628589662,0.790231456169127,32.93202,-80.09938,North Charleston,SC,South Carolina,True,,23311.0,897.4,45035,Dorchester,"{""45035"": 59.8, ""45019"": 40.2}",Dorchester|Charleston,45035|45019,False,False,America/New_York,0
29429,0.0223376623376623,0.404607817758219,0.2949080622347949,0.4874074074074074,32.98699,-79.68011,Awendaw,SC,South Carolina,True,,4366.0,19.7,45019,Charleston,"{""45019"": 100}",Charleston,45019,False,False,America/New_York,0
29436,0.2474885844748858,0.5139269406392694,0.1191843767949454,0.419175911251981,33.31658,-80.18457,Cross,SC,South Carolina,True,,4257.0,19.2,45015,Berkeley,"{""45015"": 95.36, ""45075"": 4.64}",Berkeley|Orangeburg,45015|45075,False,False,America/New_York,1
29438,0.0635313531353135,0.2359735973597359,0.3931860036832412,0.4527518172377985,32.5722,-80.31893,Edisto Island,SC,South Carolina,True,,2659.0,13.7,45019,Charleston,"{""45019"": 91.99, ""45029"": 8.01}",Charleston|Colleton,45019|45029,False,False,America/New_York,0
29445,0.1279878811364957,0.2236527248828822,0.2333618431603143,0.7457233980864019,32.9976,-79.98757,Goose Creek,SC,South Carolina,True,,59011.0,396.9,45015,Berkeley,"{""45015"": 100}",Berkeley,45015,False,False,America/New_York,0
29446,0.12375533428165,0.6273115220483642,0.1556291390728476,0.4397590361445783,32.6281,-80.54028,Green Pond,SC,South Carolina,True,,1257.0,2.8,45029,Colleton,"{""45029"": 99.9, ""45019"": 0.1}",Colleton|Charleston,45029|45019,False,False,America/New_York,1
29455,0.0630156535699951,0.1875027697762021,0.4769339187943839,0.6338713809889829,32.68581,-80.08604,Johns Island,SC,South Carolina,True,,26308.0,101.3,45019,Charleston,"{""45019"": 100}",Charleston,45019,False,False,America/New_York,0
29468,0.3092702169625246,0.6355029585798817,0.09375,0.2873194221508828,33.42624,-80.06856,Pineville,SC,South Carolina,True,,2319.0,12.1,45015,Berkeley,"{""45015"": 100}",Berkeley,45015,False,False,America/New_York,1
29475,0.2479015109121432,0.3245663122551763,0.1279620853080568,0.3784977908689249,32.96687,-80.8189,Ruffin,SC,South Carolina,True,,2676.0,10.6,45029,Colleton,"{""45029"": 100}",Colleton,45029,False,False,America/New_York,1
29729,0.1875571820677035,0.3349977303676804,0.1512096774193548,0.4003241491085899,34.67716,-81.00528,Richburg,SC,South Carolina,True,,2313.0,12.8,45023,Chester,"{""45023"": 100}",Chester,45023,False,False,America/New_York,1
29732,0.0904933028422084,0.2000711153253526,0.3580452046426389,0.7124795838122315,34.96979,-81.07963,Rock Hill,SC,South Carolina,True,,57551.0,420.8,45091,York,"{""45091"": 100}",York,45091,False,False,America/New_York,0
29742,0.1746602717825739,0.1235011990407673,0.0743889479277364,0.4753363228699551,34.86939,-81.38155,Sharon,SC,South Carolina,True,,2358.0,11.3,45091,York,"{""45091"": 83.91, ""45023"": 16.09}",York|Chester,45091|45023,False,False,America/New_York,1
29819,0.2204016913319239,0.3831923890063425,0.1078431372549019,0.3473684210526316,34.04764,-82.22632,Bradley,SC,South Carolina,True,,983.0,4.6,45047,Greenwood,"{""45047"": 83.18, ""45001"": 11.28, ""45065"": 5.54}",Greenwood|Abbeville|McCormick,45047|45001|45065,False,False,America/New_York,1
29821,0.1028202115158637,0.1844888366627497,0.1346499102333931,0.5157894736842106,33.64242,-82.11667,Clarks Hill,SC,South Carolina,True,,1245.0,8.7,45037,Edgefield,"{""45037"": 51.59, ""45065"": 48.41}",Edgefield|McCormick,45037|45065,False,False,America/New_York,0
29832,0.235613253245495,0.458637937668334,0.1276997840172786,0.5027580772261623,33.83922,-81.80656,Johnston,SC,South Carolina,True,,5375.0,21.9,45037,Edgefield,"{""45037"": 66.76, ""45081"": 32.4, ""45003"": 0.84}",Edgefield|Saluda|Aiken,45037|45081|45003,False,False,America/New_York,1
29836,0.1286407766990291,0.6480582524271845,0.0439882697947214,0.3035714285714285,33.09046,-81.50026,Martin,SC,South Carolina,True,,331.0,1.2,45005,Allendale,"{""45005"": 83.09, ""45011"": 16.91}",Allendale|Barnwell,45005|45011,False,False,America/New_York,1
29082,0.2106299212598425,0.2874015748031496,0.1291989664082687,0.3269230769230769,33.04012,-80.93868,Lodge,SC,South Carolina,True,,377.0,3.9,45029,Colleton,"{""45029"": 96.81, ""45009"": 3.19}",Colleton|Bamberg,45029|45009,False,False,America/New_York,1
29104,0.2963202065848935,0.7469335054874112,0.162046908315565,0.3236842105263158,33.99524,-80.21373,Mayesville,SC,South Carolina,True,,1559.0,9.1,45061,Lee,"{""45061"": 51.67, ""45085"": 48.33}",Lee|Sumter,45061|45085,False,False,America/New_York,1
29128,0.1434082142046744,0.670987418985894,0.1529353724716329,0.3752254960914011,34.0963,-80.53268,Rembert,SC,South Carolina,True,,4309.0,15.5,45085,Sumter,"{""45085"": 64.5, ""45055"": 23.99, ""45061"": 11.51}",Sumter|Kershaw|Lee,45085|45055|45061,False,False,America/New_York,1
29129,0.178743961352657,0.3874849578820697,0.1273528233880656,0.3536842105263157,33.79236,-81.66823,Ridge Spring,SC,South Carolina,True,,5329.0,24.6,45003,Aiken,"{""45003"": 55.0, ""45081"": 32.8, ""45037"": 12.2}",Aiken|Saluda|Edgefield,45003|45081|45037,False,False,America/New_York,1
29482,0.081772498857926,0.0022696323195642,0.8356510745891277,0.6082474226804123,32.76845,-79.83556,Sullivans Island,SC,South Carolina,True,,2127.0,328.8,45019,Charleston,"{""45019"": 100}",Charleston,45019,False,False,America/New_York,0
29485,0.0819724516053078,0.2256613580329179,0.3084832904884318,0.7733247606800971,32.94398,-80.19362,Summerville,SC,South Carolina,True,,58670.0,466.4,45035,Dorchester,"{""45035"": 93.6, ""45019"": 6.4}",Dorchester|Charleston,45035|45019,False,False,America/New_York,0
29518,0.2708537782139352,0.3564453125,0.0703851261620186,0.353125,33.7892,-79.84851,Cades,SC,South Carolina,True,,913.0,7.5,45089,Williamsburg,"{""45089"": 99.51, ""45027"": 0.49}",Williamsburg|Clarendon,45089|45027,False,False,America/New_York,1
29547,0.3353836192942699,0.4655674102812803,0.0859583555792845,0.3244514106583072,34.48684,-79.33243,Hamer,SC,South Carolina,True,,2552.0,24.5,45033,Dillon,"{""45033"": 100}",Dillon,45033,False,False,America/New_York,1
29568,0.1762440206249611,0.3243025418474891,0.1499058996808771,0.5322862129144852,33.90815,-78.75455,Longs,SC,South Carolina,True,,16373.0,70.6,45051,Horry,"{""45051"": 100}",Horry,45051,False,False,America/New_York,1
29615,0.0832577011371523,0.1029003516378922,0.5056701785191688,0.5673735365584273,34.85591,-82.29553,Greenville,SC,South Carolina,True,,38709.0,777.4,45045,Greenville,"{""45045"": 100}",Greenville,45045,False,False,America/New_York,0
29640,0.1528064823016107,0.0815424131092109,0.178795248339725,0.554003612281758,34.88706,-82.57725,Easley,SC,South Carolina,True,,32997.0,148.7,45077,Pickens,"{""45077"": 100}",Pickens,45077,False,False,America/New_York,0
29643,0.0375412541254125,0.0150528885272579,0.3242082662372517,0.5426621160409556,34.50506,-82.97441,Fair Play,SC,South Carolina,True,,2887.0,39.9,45073,Oconee,"{""45073"": 65.16, ""45007"": 34.84}",Oconee|Anderson,45073|45007,False,False,America/New_York,0
29649,0.1623948738486183,0.2795658960826581,0.3375403091293228,0.5729632945389436,34.24354,-82.13825,Greenwood,SC,South Carolina,True,,25762.0,185.5,45047,Greenwood,"{""45047"": 97.44, ""45001"": 2.56}",Greenwood|Abbeville,45047|45001,False,False,America/New_York,0
29661,0.1482795317488471,0.0250569476082004,0.1363966142684401,0.4636973764490543,35.06706,-82.53852,Marietta,SC,South Carolina,True,,5987.0,28.5,45045,Greenville,"{""45045"": 80.17, ""45077"": 19.83}",Greenville|Pickens,45045|45077,False,False,America/New_York,0
29664,0.0602798708288482,0.0,0.2346872985170857,0.5114285714285715,34.86393,-83.15991,Mountain Rest,SC,South Carolina,True,,1754.0,6.9,45073,Oconee,"{""45073"": 100}",Oconee,45073,False,False,America/New_York,0
29666,0.1474429583005507,0.1151857075693465,0.2457191780821918,0.5192965315095261,34.12345,-81.99121,Ninety Six,SC,South Carolina,True,,6751.0,21.3,45047,Greenwood,"{""45047"": 94.64, ""45081"": 5.36}",Greenwood|Saluda,45047|45081,False,False,America/New_York,0
29673,0.119269538801436,0.1935197514425211,0.2170994610485056,0.573759617935792,34.71901,-82.455,Piedmont,SC,South Carolina,True,,30812.0,168.6,45045,Greenville,"{""45045"": 53.9, ""45007"": 46.1}",Greenville|Anderson,45045|45007,False,False,America/New_York,0
29676,0.0754578754578754,0.010067728354384,0.4660980810234542,0.5024808299503835,34.93326,-82.96006,Salem,SC,South Carolina,True,,6169.0,33.0,45073,Oconee,"{""45073"": 100}",Oconee,45073,False,False,America/New_York,0
29682,0.140612076095947,0.0029972752043596,0.2862523540489642,0.5802075019952115,34.83295,-82.84701,Six Mile,SC,South Carolina,True,,3923.0,58.7,45077,Pickens,"{""45077"": 100}",Pickens,45077,False,False,America/New_York,0
29687,0.0858984728103144,0.1183353466448755,0.2899195618689029,0.6248003362757462,34.9855,-82.32833,Taylors,SC,South Carolina,True,,43577.0,348.8,45045,Greenville,"{""45045"": 100}",Greenville,45045,False,False,America/New_York,0
29693,0.2046852122986822,0.0498874446300196,0.1662044374009508,0.3852034525277435,34.65641,-83.15284,Westminster,SC,South Carolina,True,,13826.0,30.8,45073,Oconee,"{""45073"": 100}",Oconee,45073,False,False,America/New_York,1
29710,0.0954633178395716,0.0963349935036812,0.3085143589942875,0.6278983833718245,35.10598,-81.22209,Clover,SC,South Carolina,True,,39988.0,135.3,45091,York,"{""45091"": 100}",York,45091,False,False,America/New_York,0
29714,0.2223336676696757,0.1882313607489134,0.1421889616463985,0.4707091469681397,34.71171,-80.9145,Fort Lawn,SC,South Carolina,True,,3247.0,38.5,45023,Chester,"{""45023"": 100}",Chester,45023,False,False,America/New_York,1
29717,0.0803237858032378,0.1637608966376089,0.1971830985915492,0.5029126213592233,34.95119,-81.44304,Hickory Grove,SC,South Carolina,True,,1585.0,16.4,45091,York,"{""45091"": 100}",York,45091,False,False,America/New_York,0
29439,0.1343856655290102,0.0,0.5978358881875564,0.5390428211586902,32.66636,-79.92902,Folly Beach,SC,South Carolina,True,,869.0,115.4,45019,Charleston,"{""45019"": 100}",Charleston,45019,False,False,America/New_York,0
29373,0.3229813664596273,0.0186335403726708,0.1264367816091954,0.171875,34.92442,-81.74276,Pacolet Mills,SC,South Carolina,True,,293.0,358.0,45083,Spartanburg,"{""45083"": 100}",Spartanburg,45083,False,False,America/New_York,1
29435,0.2626506024096385,0.3369477911646586,0.0909636745722005,0.4106182795698925,32.9526,-80.4672,Cottageville,SC,South Carolina,True,,4579.0,23.5,45029,Colleton,"{""45029"": 100}",Colleton,45029,False,False,America/New_York,1
29665,0.1361256544502617,0.0,0.0,0.3939393939393939,34.72399,-82.91413,Newry,SC,South Carolina,True,,393.0,514.0,45073,Oconee,"{""45073"": 100}",Oconee,45073,False,False,America/New_York,1
29672,0.1212818405916187,0.0530916154095176,0.404413302656348,0.4954017424975798,34.75036,-82.94257,Seneca,SC,South Carolina,True,,12364.0,121.9,45073,Oconee,"{""45073"": 100}",Oconee,45073,False,False,America/New_York,0
29685,0.0601952277657266,0.0519199567333693,0.3523489932885906,0.472400513478819,34.98297,-82.84727,Sunset,SC,South Carolina,True,,2046.0,8.9,45077,Pickens,"{""45077"": 100}",Pickens,45077,False,False,America/New_York,0
29691,0.2658481365377917,0.0618574366004112,0.1541812900883456,0.3912630579297246,34.78547,-83.07669,Walhalla,SC,South Carolina,True,,12248.0,76.0,45073,Oconee,"{""45073"": 100}",Oconee,45073,False,False,America/New_York,1
29704,0.2333715596330275,0.1123853211009174,0.1870474658085277,0.6544876886417792,34.82293,-80.91592,Catawba,SC,South Carolina,True,,3286.0,48.3,45091,York,"{""45091"": 56.8, ""45023"": 43.2}",York|Chester,45091|45023,False,False,America/New_York,0
29743,0.2748091603053435,0.0279269602577873,0.1147286821705426,0.5365853658536586,35.02865,-81.40772,Smyrna,SC,South Carolina,True,,1880.0,19.5,45091,York,"{""45091"": 84.53, ""45021"": 15.47}",York|Cherokee,45091|45021,False,False,America/New_York,1
29829,0.1607464396791618,0.2257089155838849,0.1984216459977452,0.6418262150220914,33.57715,-81.85537,Graniteville,SC,South Carolina,True,,12082.0,133.8,45003,Aiken,"{""45003"": 100}",Aiken,45003,False,False,America/New_York,0
29847,0.1441986644407345,0.4206844394025336,0.1225254146602461,0.4632405424696645,33.69941,-81.84878,Trenton,SC,South Carolina,True,,4925.0,21.1,45037,Edgefield,"{""45037"": 75.66, ""45003"": 24.34}",Edgefield|Aiken,45037|45003,False,False,America/New_York,1
29849,0.2182203389830508,0.4639830508474576,0.0338983050847457,0.1333333333333333,33.10168,-81.23641,Ulmer,SC,South Carolina,True,,169.0,1.6,45005,Allendale,"{""45005"": 73.58, ""45011"": 26.42}",Allendale|Barnwell,45005|45011,False,False,America/New_York,1
29851,0.1839295248264816,0.1299307036247334,0.115134815981106,0.5504901960784314,33.51098,-81.81597,Warrenville,SC,South Carolina,True,,9081.0,159.1,45003,Aiken,"{""45003"": 100}",Aiken,45003,False,False,America/New_York,0
29910,0.0769731449785449,0.0651605631100558,0.4245094664371773,0.7103766879886283,32.2204,-80.88277,Bluffton,SC,South Carolina,True,,50173.0,185.5,45013,Beaufort,"{""45013"": 100}",Beaufort,45013,False,False,America/New_York,0
29923,0.2307692307692307,0.9936507936507936,0.0265486725663716,0.0341880341880341,32.84821,-81.23856,Gifford,SC,South Carolina,True,,200.0,12.5,45049,Hampton,"{""45049"": 100}",Hampton,45049,False,False,America/New_York,1
29941,0.1318681318681318,0.5428571428571428,0.1959287531806615,0.4240506329113924,32.54357,-80.81509,Sheldon,SC,South Carolina,True,,246.0,6.3,45013,Beaufort,"{""45013"": 100}",Beaufort,45013,False,False,America/New_York,1
29935,0.1418723593506782,0.3354752935962774,0.2809139784946236,0.371859296482412,32.38277,-80.6963,Port Royal,SC,South Carolina,True,,4030.0,667.1,45013,Beaufort,"{""45013"": 100}",Beaufort,45013,False,False,America/New_York,1
29936,0.1618425147836912,0.4764766993173048,0.1751651527663088,0.5614471140568904,32.48475,-80.96766,Ridgeland,SC,South Carolina,True,,14493.0,24.1,45053,Jasper,"{""45053"": 100}",Jasper,45053,False,False,America/New_York,1
29075,0.0376675117710974,0.1499456718580224,0.2084257206208425,0.531986531986532,34.19985,-81.37581,Little Mountain,SC,South Carolina,True,,2746.0,25.6,45071,Newberry,"{""45071"": 66.45, ""45079"": 26.93, ""45063"": 6.62}",Newberry|Richland|Lexington,45071|45079|45063,False,False,America/New_York,0
29081,0.0600858369098712,0.3308144416456759,0.1799116997792494,0.1881443298969072,33.09161,-81.0426,Ehrhardt,SC,South Carolina,True,,1202.0,5.7,45009,Bamberg,"{""45009"": 85.4, ""45029"": 14.6}",Bamberg|Colleton,45009|45029,False,False,America/New_York,1
29111,0.135876042908224,0.4189511323003576,0.1677360219981668,0.4875846501128668,33.78648,-80.01433,New Zion,SC,South Carolina,True,,1551.0,9.2,45027,Clarendon,"{""45027"": 88.39, ""45089"": 11.61}",Clarendon|Williamsburg,45027|45089,False,False,America/New_York,1
29122,0.1,0.475,0.5428571428571428,0.2666666666666666,34.24015,-81.32532,Peak,SC,South Carolina,True,,71.0,63.0,45071,Newberry,"{""45071"": 100}",Newberry,45071,False,False,America/New_York,0
29142,0.2739388968628255,0.5981365201539396,0.2022911427773121,0.3575600259571707,33.46491,-80.52329,Santee,SC,South Carolina,True,,4658.0,35.3,45075,Orangeburg,"{""45075"": 100}",Orangeburg,45075,False,False,America/New_York,1
29161,0.2080672268907563,0.4612740989103101,0.122092276057062,0.4685130234091658,34.10532,-79.94143,Timmonsville,SC,South Carolina,True,,10114.0,28.9,45041,Florence,"{""45041"": 75.74, ""45031"": 24.26}",Florence|Darlington,45041|45031,False,False,America/New_York,1
29166,0.1850393700787401,0.3359580052493438,0.118705035971223,0.2606837606837607,33.90102,-81.71304,Ward,SC,South Carolina,True,,790.0,9.9,45081,Saluda,"{""45081"": 100}",Saluda,45081,False,False,America/New_York,1
29170,0.1277577307815283,0.1489051759457368,0.2160603371783496,0.676434489107088,33.93929,-81.14487,West Columbia,SC,South Carolina,True,,21460.0,338.9,45063,Lexington,"{""45063"": 100}",Lexington,45063,False,False,America/New_York,0
29206,0.0702485718696927,0.1450926068441844,0.6481098641464855,0.6710550374840007,34.02848,-80.95828,Columbia,SC,South Carolina,True,,20054.0,896.6,45079,Richland,"{""45079"": 100}",Richland,45079,False,False,America/New_York,0
29229,0.0721052429716565,0.5904683585457744,0.4607034436233173,0.8345462991638278,34.14697,-80.89316,Columbia,SC,South Carolina,True,,50652.0,1070.9,45079,Richland,"{""45079"": 100}",Richland,45079,False,False,America/New_York,0
29323,0.1164596273291925,0.0890774907749077,0.1823736536868268,0.5028261361067149,35.12911,-81.90902,Chesnee,SC,South Carolina,True,,15087.0,82.1,45083,Spartanburg,"{""45083"": 87.16, ""45021"": 12.84}",Spartanburg|Cherokee,45083|45021,False,False,America/New_York,0
29330,0.1998915401301518,0.047323340471092,0.152027027027027,0.5049082373026035,35.05362,-81.80463,Cowpens,SC,South Carolina,True,,8720.0,94.0,45021,Cherokee,"{""45021"": 52.45, ""45083"": 47.55}",Cherokee|Spartanburg,45021|45083,False,False,America/New_York,0
29341,0.1825947944247389,0.277799821446285,0.1686300659405794,0.5822085889570552,35.1184,-81.71321,Gaffney,SC,South Carolina,True,,19564.0,81.1,45021,Cherokee,"{""45021"": 100}",Cherokee,45021,False,False,America/New_York,0
29351,0.0493630573248407,0.0465666929755327,0.1641137855579868,0.3616438356164383,34.42177,-81.80967,Joanna,SC,South Carolina,True,,1375.0,112.0,45059,Laurens,"{""45059"": 100}",Laurens,45059,False,False,America/New_York,0
29355,0.2145643693107932,0.1599479843953186,0.144927536231884,0.3833333333333333,34.37012,-81.75894,Kinards,SC,South Carolina,True,,757.0,3.6,45071,Newberry,"{""45071"": 73.11, ""45059"": 26.89}",Newberry|Laurens,45071|45059,False,False,America/New_York,1
29356,0.1608113002535313,0.0527075812274368,0.2814030652551746,0.5347856640899508,35.14411,-82.26187,Landrum,SC,South Carolina,True,,8782.0,41.3,45045,Greenville,"{""45045"": 75.99, ""45083"": 24.01}",Greenville|Spartanburg,45045|45083,False,False,America/New_York,0
29379,0.2318213701192424,0.333218982275586,0.128552097428958,0.420675105485232,34.68772,-81.60403,Union,SC,South Carolina,True,,17580.0,28.0,45087,Union,"{""45087"": 100}",Union,45087,False,False,America/New_York,1
29670,0.1426521828243492,0.234805510534846,0.3074039362699156,0.5910916392844103,34.64191,-82.72455,Pendleton,SC,South Carolina,True,,11310.0,77.9,45007,Anderson,"{""45007"": 95.25, ""45077"": 4.75}",Anderson|Pickens,45007|45077,False,False,America/New_York,0
29680,0.0492829363150218,0.2078040729716188,0.3602368203386879,0.7530070510161758,34.69011,-82.29073,Simpsonville,SC,South Carolina,True,,35264.0,468.5,45045,Greenville,"{""45045"": 100}",Greenville,45045,False,False,America/New_York,0
29681,0.0450040048057669,0.1208397592159594,0.4720618015450386,0.733074146070536,34.76988,-82.22218,Simpsonville,SC,South Carolina,True,,67657.0,597.9,45045,Greenville,"{""45045"": 97.43, ""45059"": 2.57}",Greenville|Laurens,45045|45059,False,False,America/New_York,0
29709,0.1217311515522251,0.2397590361445783,0.1032642167932662,0.3569762015865609,34.71882,-80.09752,Chesterfield,SC,South Carolina,True,,5903.0,22.7,45025,Chesterfield,"{""45025"": 100}",Chesterfield,45025,False,False,America/New_York,1
29730,0.1667726405668089,0.3873214221776648,0.2230402655814949,0.6446788413098237,34.8878,-81.02116,Rock Hill,SC,South Carolina,True,,57500.0,186.0,45091,York,"{""45091"": 95.39, ""45023"": 4.61}",York|Chester,45091|45023,False,False,America/New_York,0
29745,0.1570185766614338,0.1807205702909254,0.2150594073579233,0.6435028863958174,34.99549,-81.21573,York,SC,South Carolina,True,,34738.0,98.8,45091,York,"{""45091"": 100}",York,45091,False,False,America/New_York,0
29812,0.2388591800356506,0.4325901410904024,0.1420709074619224,0.4487261146496815,33.21185,-81.37911,Barnwell,SC,South Carolina,True,,10965.0,24.4,45011,Barnwell,"{""45011"": 97.67, ""45005"": 2.33}",Barnwell|Allendale,45011|45005,False,False,America/New_York,1
29831,0.1414556240018252,0.2149511474664849,0.1169201520912547,0.5081645983017635,33.33657,-81.84293,Jackson,SC,South Carolina,True,,4259.0,25.6,45003,Aiken,"{""45003"": 100}",Aiken,45003,False,False,America/New_York,1
29842,0.1572820790471034,0.4305611899932386,0.1094122319301032,0.5530671859785784,33.44559,-81.8645,Beech Island,SC,South Carolina,True,,7727.0,72.1,45003,Aiken,"{""45003"": 100}",Aiken,45003,False,False,America/New_York,1
29843,0.2991833704528582,0.3028953229398664,0.1037628278221208,0.2444444444444444,33.18385,-81.18218,Olar,SC,South Carolina,True,,1056.0,6.2,45009,Bamberg,"{""45009"": 81.28, ""45011"": 18.72}",Bamberg|Barnwell,45009|45011,False,False,America/New_York,1
29212,0.0769309813324199,0.2386274842874129,0.4388998219473339,0.6707360018781547,34.0777,-81.2022,Columbia,SC,South Carolina,True,,27701.0,500.3,45063,Lexington,"{""45063"": 77.74, ""45079"": 22.26}",Lexington|Richland,45063|45079,False,False,America/New_York,0
29303,0.2622988718328093,0.3129860947442847,0.1446445121143916,0.5025967894239849,34.99424,-81.96883,Spartanburg,SC,South Carolina,True,,28009.0,333.4,45083,Spartanburg,"{""45083"": 100}",Spartanburg,45083,False,False,America/New_York,1
29365,0.0740804548195365,0.1035370879120879,0.2121488033298647,0.6415042547351084,34.98079,-82.16869,Lyman,SC,South Carolina,True,,14566.0,320.2,45083,Spartanburg,"{""45083"": 100}",Spartanburg,45083,False,False,America/New_York,0
29137,0.1690558576371725,0.4520750988142292,0.140983606557377,0.4216478190630048,33.59626,-81.32226,Salley,SC,South Carolina,True,,2212.0,9.1,45003,Aiken,"{""45003"": 82.96, ""45075"": 17.04}",Aiken|Orangeburg,45003|45075,False,False,America/New_York,1
29153,0.2063378448724622,0.5272881025174007,0.1678902627511592,0.486829727187206,33.96515,-80.30675,Sumter,SC,South Carolina,True,,15101.0,40.5,45085,Sumter,"{""45085"": 87.27, ""45061"": 12.73}",Sumter|Lee,45085|45061,False,False,America/New_York,1
29162,0.1621815572299964,0.2413547237076649,0.1451694486595852,0.4119804400977995,33.88751,-80.00865,Turbeville,SC,South Carolina,True,,3575.0,40.9,45027,Clarendon,"{""45027"": 96.53, ""45085"": 3.47}",Clarendon|Sumter,45027|45085,False,False,America/New_York,1
29169,0.1607038123167155,0.2030755314337403,0.295471004400869,0.5760352422907489,33.9967,-81.09676,West Columbia,SC,South Carolina,True,,21342.0,709.2,45063,Lexington,"{""45063"": 100}",Lexington,45063,False,False,America/New_York,0
29148,0.2816258182371746,0.5160519635657758,0.1443398039592542,0.418646346929628,33.53731,-80.34386,Summerton,SC,South Carolina,True,,5753.0,21.2,45027,Clarendon,"{""45027"": 100}",Clarendon,45027,False,False,America/New_York,1
29320,0.0,0.0843195266272189,0.2199248120300752,0.7469879518072289,34.95847,-81.9922,Arcadia,SC,South Carolina,True,,526.0,328.8,45083,Spartanburg,"{""45083"": 100}",Spartanburg,45083,False,False,America/New_York,0
29453,0.3698630136986301,0.4255707762557077,0.1188811188811188,0.5730994152046783,33.21984,-79.61269,Jamestown,SC,South Carolina,True,,1282.0,4.2,45015,Berkeley,"{""45015"": 100}",Berkeley,45015,False,False,America/New_York,1
29581,0.1681004417577307,0.141063018614039,0.1642276422764227,0.441635687732342,34.19864,-79.11295,Nichols,SC,South Carolina,True,,4604.0,10.8,45051,Horry,"{""45051"": 73.29, ""45033"": 15.84, ""45067"": 10.87}",Horry|Dillon|Marion,45051|45033|45067,False,False,America/New_York,1
29657,0.1034459819052687,0.0558108995403808,0.162108072048032,0.5089894606323621,34.76713,-82.68941,Liberty,SC,South Carolina,True,,16072.0,98.0,45077,Pickens,"{""45077"": 76.18, ""45007"": 23.82}",Pickens|Anderson,45077|45007,False,False,America/New_York,0
29569,0.2491678832116788,0.3319072671561542,0.1104224433208285,0.374973623127242,34.0326,-78.90359,Loris,SC,South Carolina,True,,16913.0,38.4,45051,Horry,"{""45051"": 100}",Horry,45051,False,False,America/New_York,1
29607,0.1131771813409923,0.246165774234972,0.4556877139731056,0.678627849243963,34.80952,-82.33193,Greenville,SC,South Carolina,True,,43325.0,576.6,45045,Greenville,"{""45045"": 100}",Greenville,45045,False,False,America/New_York,0
29741,0.1262842465753424,0.2735042735042735,0.0828759604829857,0.3460246360582307,34.72511,-80.20138,Ruby,SC,South Carolina,True,,1473.0,15.4,45025,Chesterfield,"{""45025"": 100}",Chesterfield,45025,False,False,America/New_York,1
29902,0.1433646112600536,0.1915424477000831,0.323178336005701,0.6354423445631334,32.37426,-80.69438,Beaufort,SC,South Carolina,True,,16916.0,360.1,45013,Beaufort,"{""45013"": 100}",Beaufort,45013,False,False,America/New_York,0
29944,0.1504530281354315,0.4148008484562809,0.1648166834846955,0.2813990461049284,32.79129,-81.03409,Varnville,SC,South Carolina,True,,4242.0,12.1,45049,Hampton,"{""45049"": 86.15, ""45053"": 13.85}",Hampton|Jasper,45049|45053,False,False,America/New_York,1
29945,0.1709219858156028,0.8141843971631205,0.0836047774158523,0.2872163807415606,32.68694,-80.80912,Yemassee,SC,South Carolina,True,,3652.0,6.8,45029,Colleton,"{""45029"": 41.83, ""45013"": 27.05, ""45053"": 15.83, ""45049"": 15.28}",Colleton|Beaufort|Jasper|Hampton,45029|45013|45053|45049,False,False,America/New_York,1
29712,0.1295636687444345,0.1647373107747106,0.2186666666666666,0.5846925972396487,34.79439,-80.98398,Edgemoor,SC,South Carolina,True,,2136.0,28.6,45023,Chester,"{""45023"": 84.91, ""45091"": 15.09}",Chester|York,45023|45091,False,False,America/New_York,0
29469,0.0528789659224441,0.044653349001175,0.5171974522292994,0.7870370370370371,33.24366,-80.13106,Pinopolis,SC,South Carolina,True,,517.0,10.1,45015,Berkeley,"{""45015"": 100}",Berkeley,45015,False,False,America/New_York,0
29479,0.2048464356156663,0.6642619311875694,0.0992145514675485,0.4346938775510204,33.3808,-79.89499,Saint Stephen,SC,South Carolina,True,,6287.0,26.7,45015,Berkeley,"{""45015"": 100}",Berkeley,45015,False,False,America/New_York,1
29483,0.1324790253993794,0.2119623086522938,0.2662120186718031,0.6954848640328374,33.03126,-80.23205,Summerville,SC,South Carolina,True,,56979.0,412.4,45035,Dorchester,"{""45035"": 83.41, ""45015"": 16.28, ""45019"": 0.31}",Dorchester|Berkeley|Charleston,45035|45015|45019,False,False,America/New_York,0
29487,0.1903780068728522,0.574914089347079,0.2956403269754768,0.4248648648648648,32.65691,-80.18476,Wadmalaw Island,SC,South Carolina,True,,2702.0,24.9,45019,Charleston,"{""45019"": 100}",Charleston,45019,False,False,America/New_York,1
29506,0.25,0.6655405405405406,0.1841220179898318,0.5292231812577065,34.2103,-79.64432,Florence,SC,South Carolina,True,,20323.0,65.0,45041,Florence,"{""45041"": 97.95, ""45031"": 2.05}",Florence|Darlington,45041|45031,False,False,America/New_York,1
29511,0.1380706921944035,0.0500736377025036,0.1761603375527426,0.5411347517730496,33.97519,-79.11043,Aynor,SC,South Carolina,True,,6723.0,45.5,45051,Horry,"{""45051"": 100}",Horry,45051,False,False,America/New_York,0
29516,0.3054474708171206,0.3433852140077821,0.0434083601286173,0.3954372623574144,34.44323,-79.62414,Blenheim,SC,South Carolina,True,,823.0,3.1,45069,Marlboro,"{""45069"": 100}",Marlboro,45069,False,False,America/New_York,1
29519,0.5011086474501109,0.6962305986696231,0.0,0.2014925373134328,34.01622,-79.36048,Centenary,SC,South Carolina,True,,321.0,28.1,45067,Marion,"{""45067"": 100}",Marion,45067,False,False,America/New_York,1
29526,0.1623562248182411,0.1579012857735379,0.1923704547553804,0.5056678166584524,33.86696,-78.9718,Conway,SC,South Carolina,True,,51176.0,112.9,45051,Horry,"{""45051"": 100}",Horry,45051,False,False,America/New_York,0
29570,0.2736009044657999,0.2716223855285472,0.0498275201226523,0.3597633136094674,34.67495,-79.5624,McColl,SC,South Carolina,True,,3992.0,31.9,45069,Marlboro,"{""45069"": 100}",Marlboro,45069,False,False,America/New_York,1
29571,0.2211968872667171,0.6157225902392862,0.1402789971710077,0.4972230342005261,34.138,-79.42205,Marion,SC,South Carolina,True,,13788.0,26.4,45067,Marion,"{""45067"": 99.56, ""45033"": 0.44}",Marion|Dillon,45067|45033,False,False,America/New_York,1
29577,0.2225020207672698,0.1563351498637602,0.2546199479322265,0.5582663213847622,33.69711,-78.90495,Myrtle Beach,SC,South Carolina,True,,35022.0,592.1,45051,Horry,"{""45051"": 100}",Horry,45051,False,False,America/New_York,0
29580,0.2239031770045385,0.8275340393343419,0.0614035087719298,0.4135667396061269,33.65827,-79.56164,Nesmith,SC,South Carolina,True,,1285.0,6.5,45089,Williamsburg,"{""45089"": 100}",Williamsburg,45089,False,False,America/New_York,1
29593,0.1967213114754098,0.4354098360655737,0.1563604240282685,0.2733050847457627,34.49462,-79.85429,Society Hill,SC,South Carolina,True,,1756.0,8.9,45031,Darlington,"{""45031"": 64.34, ""45025"": 35.66}",Darlington|Chesterfield,45031|45025,False,False,America/New_York,1
29617,0.1830336722845783,0.1595161790551018,0.2036703670367036,0.5942724458204335,34.91262,-82.4666,Greenville,SC,South Carolina,True,,26801.0,462.0,45045,Greenville,"{""45045"": 100}",Greenville,45045,False,False,America/New_York,0
29621,0.1071825717751718,0.1637122002085505,0.3331916551553147,0.6032737833318665,34.50598,-82.60328,Anderson,SC,South Carolina,True,,44458.0,197.0,45007,Anderson,"{""45007"": 100}",Anderson,45007,False,False,America/New_York,0
29626,0.1751516118736035,0.2244091376175796,0.1625904236996211,0.468508002065049,34.46004,-82.76057,Anderson,SC,South Carolina,True,,13678.0,102.0,45007,Anderson,"{""45007"": 100}",Anderson,45007,False,False,America/New_York,1
29631,0.3784087900450092,0.0602574995098359,0.623712067748765,0.6439448875997099,34.68133,-82.81716,Clemson,SC,South Carolina,True,,16363.0,724.9,45077,Pickens,"{""45077"": 99.51, ""45007"": 0.49}",Pickens|Anderson,45077|45007,False,False,America/New_York,0
29644,0.1466501582060806,0.1911985786524531,0.2113291270886778,0.651336898395722,34.66864,-82.19714,Fountain Inn,SC,South Carolina,True,,22400.0,105.5,45045,Greenville,"{""45045"": 50.14, ""45059"": 49.86}",Greenville|Laurens,45045|45059,False,False,America/New_York,0
29658,0.0311203319502074,0.0082987551867219,0.1158690176322418,0.6137566137566137,34.76191,-83.29858,Long Creek,SC,South Carolina,True,,374.0,6.8,45073,Oconee,"{""45073"": 100}",Oconee,45073,False,False,America/New_York,0
29690,0.1253949540202782,0.0874431769448494,0.2385744812848969,0.5561770816685312,35.06008,-82.42136,Travelers Rest,SC,South Carolina,True,,25747.0,94.5,45045,Greenville,"{""45045"": 100}",Greenville,45045,False,False,America/New_York,0
29692,0.2529364115026326,0.1609963547995139,0.1180776575429662,0.4023083264633141,34.42142,-82.22208,Ware Shoals,SC,South Carolina,True,,5471.0,43.5,45059,Laurens,"{""45059"": 80.02, ""45047"": 12.64, ""45001"": 7.34}",Laurens|Greenwood|Abbeville,45059|45047|45001,False,False,America/New_York,1
29696,0.0937925666472076,0.0097162844928099,0.2738693467336683,0.6275510204081632,34.77458,-83.00771,West Union,SC,South Carolina,True,,5301.0,93.4,45073,Oconee,"{""45073"": 100}",Oconee,45073,False,False,America/New_York,0
29727,0.2618243243243243,0.4172297297297297,0.0634674922600619,0.3724137931034483,34.71566,-80.2684,Mount Croghan,SC,South Carolina,True,,2171.0,16.6,45025,Chesterfield,"{""45025"": 100}",Chesterfield,45025,False,False,America/New_York,1
29810,0.2985148514851485,0.8650990099009901,0.0907780979827089,0.3353448275862069,32.99358,-81.3798,Allendale,SC,South Carolina,True,,3571.0,10.8,45005,Allendale,"{""45005"": 100}",Allendale,45005,False,False,America/New_York,1
29840,0.111587982832618,0.9098712446351932,0.0917030567685589,0.0,33.99797,-82.52749,Mount Carmel,SC,South Carolina,True,,338.0,4.2,45065,McCormick,"{""45065"": 100}",McCormick,45065,False,False,America/New_York,1
29848,0.2647444298820445,0.1279212792127921,0.0967117988394584,0.3296703296703296,33.99616,-82.18304,Troy,SC,South Carolina,True,,987.0,4.1,45065,McCormick,"{""45065"": 53.03, ""45047"": 38.06, ""45081"": 8.91}",McCormick|Greenwood|Saluda,45065|45047|45081,False,False,America/New_York,1
29939,0.3602771362586605,0.7806004618937644,0.0926640926640926,0.3503184713375796,32.68127,-81.24538,Scotia,SC,South Carolina,True,,108.0,12.2,45049,Hampton,"{""45049"": 100}",Hampton,45049,False,False,America/New_York,1
29046,0.1608391608391608,1.0,0.6993006993006993,0.0,34.11252,-80.16131,Elliott,SC,South Carolina,True,,36.0,35.2,45061,Lee,"{""45061"": 100}",Lee,45061,False,False,America/New_York,1
29101,0.2621007573263088,0.3974316759960487,0.1607970342910102,0.3371970495258166,34.47798,-80.24038,McBee,SC,South Carolina,True,,2724.0,8.6,45025,Chesterfield,"{""45025"": 87.28, ""45031"": 12.72}",Chesterfield|Darlington,45025|45031,False,False,America/New_York,1
29168,0.3691600096828855,0.5998547567175018,0.1646460696128275,0.4524017467248908,33.84848,-80.54483,Wedgefield,SC,South Carolina,True,,2583.0,12.8,45085,Sumter,"{""45085"": 100}",Sumter,45085,False,False,America/New_York,1
29940,0.0603726708074534,0.5505590062111801,0.1850297306750612,0.3870967741935484,32.5524,-80.67511,Seabrook,SC,South Carolina,True,,3594.0,18.8,45013,Beaufort,"{""45013"": 100}",Beaufort,45013,False,False,America/New_York,1
29020,0.1372922520120005,0.3293274895141147,0.2317127994348468,0.52185508964291,34.31036,-80.59334,Camden,SC,South Carolina,True,,22868.0,37.9,45055,Kershaw,"{""45055"": 94.16, ""45061"": 5.84}",Kershaw|Lee,45055|45061,False,False,America/New_York,0
29044,0.1806585071539389,0.6673251028806584,0.1047055925104705,0.3369304556354916,33.93437,-80.69446,Eastover,SC,South Carolina,True,,4299.0,12.1,45079,Richland,"{""45079"": 100}",Richland,45079,False,False,America/New_York,1
29126,0.0729275970619097,0.3100734522560335,0.1871428571428571,0.4665718349928876,34.32195,-81.41932,Pomaria,SC,South Carolina,True,,2638.0,13.1,45071,Newberry,"{""45071"": 100}",Newberry,45071,False,False,America/New_York,0
29324,0.0,0.3148148148148148,0.0421686746987951,0.4923076923076923,34.98944,-81.82523,Clifton,SC,South Carolina,True,,70.0,56.8,45083,Spartanburg,"{""45083"": 100}",Spartanburg,45083,False,False,America/New_York,0
29329,0.412,0.0,0.0,0.3529411764705882,34.99262,-81.83682,Converse,SC,South Carolina,True,,293.0,368.7,45083,Spartanburg,"{""45083"": 100}",Spartanburg,45083,False,False,America/New_York,1
29331,0.0,0.0,0.0,0.3421052631578947,34.64351,-81.85836,Cross Anchor,SC,South Carolina,True,,89.0,47.3,45083,Spartanburg,"{""45083"": 100}",Spartanburg,45083,False,False,America/New_York,0
29333,0.0,0.1689587426326129,0.1044386422976501,0.4042553191489361,34.97092,-81.91069,Drayton,SC,South Carolina,True,,227.0,216.4,45083,Spartanburg,"{""45083"": 100}",Spartanburg,45083,False,False,America/New_York,0
29346,0.1092150170648464,0.0,0.2010869565217391,0.6732673267326733,34.94524,-81.83627,Glendale,SC,South Carolina,True,,173.0,330.6,45083,Spartanburg,"{""45083"": 100}",Spartanburg,45083,False,False,America/New_York,0
29368,0.0,0.0,0.5045045045045045,1.0,35.08262,-81.86281,Mayo,SC,South Carolina,True,,347.0,453.3,45083,Spartanburg,"{""45083"": 100}",Spartanburg,45083,False,False,America/New_York,0
29409,0.0,0.0846441947565543,1.0,1.0,32.79662,-79.96072,Charleston,SC,South Carolina,True,,2328.0,6137.2,45019,Charleston,"{""45019"": 100}",Charleston,45019,False,False,America/New_York,0
29410,0.1109041231992051,0.144437564499484,0.3379751599548363,0.6698305084745763,32.93258,-80.0056,Hanahan,SC,South Carolina,True,,20984.0,775.2,45015,Berkeley,"{""45015"": 100}",Berkeley,45015,False,False,America/New_York,0
29588,0.1545641412870207,0.0684763390535621,0.2232158260969578,0.6375264851290905,33.67112,-79.02574,Myrtle Beach,SC,South Carolina,True,,53114.0,488.7,45051,Horry,"{""45051"": 100}",Horry,45051,False,False,America/New_York,0
29707,0.0453215914451957,0.0589531167581991,0.4982560826994999,0.7205894880313485,34.98148,-80.85669,Fort Mill,SC,South Carolina,True,,35224.0,478.0,45057,Lancaster,"{""45057"": 100}",Lancaster,45057,False,False,America/New_York,0
29907,0.0832831627533614,0.151046892768747,0.4405930470347648,0.6370168483647175,32.45326,-80.60926,Beaufort,SC,South Carolina,True,,14848.0,135.7,45013,Beaufort,"{""45013"": 100}",Beaufort,45013,False,False,America/New_York,0
29909,0.0448395217117684,0.0280652968741953,0.4786996831357822,0.471521268925739,32.34042,-80.85465,Okatie,SC,South Carolina,True,,23929.0,166.0,45013,Beaufort,"{""45013"": 98.37, ""45053"": 1.63}",Beaufort|Jasper,45013|45053,False,False,America/New_York,0
29915,0.0,0.0,0.6496350364963503,0.6217616580310881,32.11464,-80.86892,Daufuskie Island,SC,South Carolina,True,,636.0,22.8,45013,Beaufort,"{""45013"": 100}",Beaufort,45013,False,False,America/New_York,0
29817,0.2651006711409396,0.5518681828730564,0.1038085608358611,0.2891472868217054,33.36989,-81.27096,Blackville,SC,South Carolina,True,,4230.0,14.3,45011,Barnwell,"{""45011"": 83.85, ""45009"": 16.15}",Barnwell|Bamberg,45011|45009,False,False,America/New_York,1
29520,0.2065479782739891,0.4659215428446198,0.1372815737156011,0.4393773894046969,34.68083,-79.92601,Cheraw,SC,South Carolina,True,,12860.0,37.6,45025,Chesterfield,"{""45025"": 99.82, ""45069"": 0.18}",Chesterfield|Marlboro,45025|45069,False,False,America/New_York,1
29642,0.0544751781616137,0.0583445190156599,0.3088305282741314,0.6622928838233886,34.77487,-82.56538,Easley,SC,South Carolina,True,,35721.0,271.7,45007,Anderson,"{""45007"": 55.55, ""45077"": 44.45}",Anderson|Pickens,45007|45077,False,False,America/New_York,0
29667,0.1894736842105263,0.0807017543859649,0.1421319796954314,0.4457831325301205,34.76446,-82.75655,Norris,SC,South Carolina,True,,235.0,173.0,45077,Pickens,"{""45077"": 100}",Pickens,45077,False,False,America/New_York,1
29689,0.0861376192867905,0.0199950012496875,0.2222970697204446,0.5240488155061019,34.53624,-82.87658,Townville,SC,South Carolina,True,,4147.0,46.3,45007,Anderson,"{""45007"": 88.92, ""45073"": 11.08}",Anderson|Oconee,45007|45073,False,False,America/New_York,0
29080,0.3408723747980614,0.7198707592891761,0.1484736355226642,0.2509047044632086,34.01525,-80.08374,Lynchburg,SC,South Carolina,True,,2784.0,8.4,45061,Lee,"{""45061"": 55.64, ""45085"": 44.36}",Lee|Sumter,45061|45085,False,False,America/New_York,1
29146,0.2797992471769134,0.6148055207026348,0.1832512315270936,0.3807615230460922,33.50816,-81.29812,Springfield,SC,South Carolina,True,,1295.0,8.3,45075,Orangeburg,"{""45075"": 66.63, ""45003"": 33.37}",Orangeburg|Aiken,45075|45003,False,False,America/New_York,1
29045,0.1111742639536205,0.2703723283739899,0.3063506779464596,0.6533213182286303,34.18389,-80.8141,Elgin,SC,South Carolina,True,,28896.0,164.3,45055,Kershaw,"{""45055"": 64.46, ""45079"": 33.6, ""45039"": 1.94}",Kershaw|Richland|Fairfield,45055|45079|45039,False,False,America/New_York,0
29118,0.1509158791272897,0.6231734571084752,0.3095238095238095,0.4805814217578923,33.57056,-80.89501,Orangeburg,SC,South Carolina,True,,15676.0,79.0,45075,Orangeburg,"{""45075"": 92.88, ""45017"": 7.12}",Orangeburg|Calhoun,45075|45017,False,False,America/New_York,1
29372,0.1679045689849201,0.1994213220565323,0.0822379507920458,0.4649532710280374,34.9059,-81.70878,Pacolet,SC,South Carolina,True,,3440.0,31.2,45021,Cherokee,"{""45021"": 42.36, ""45083"": 31.88, ""45087"": 25.76}",Cherokee|Spartanburg|Union,45021|45083|45087,False,False,America/New_York,1
29492,0.0327772036025394,0.0929425660711649,0.6109489051094891,0.7502021018593371,32.91657,-79.87818,Charleston,SC,South Carolina,True,,19753.0,144.5,45015,Berkeley,"{""45015"": 99.87, ""45019"": 0.13}",Berkeley|Charleston,45015|45019,False,False,America/New_York,0
