zip,1,2,3,4,5,6,elderlyReturns,returnsTotalwSalariesWages,returnsDependentCareCredit,returnsEducationCredit,risk_group,propensity_score,price_shift,y_0,y_0_corrected,y_1,y_1_corrected,treatment_effect,treatment_effect_no_corr
28420,0.37662337662337664,0.2857142857142857,0.12987012987012986,0.08441558441558442,0.09740259740259741,0.025974025974025976,0.23376623376623376,0.7987012987012987,0.24025974025974026,0.025974025974025976,True,0.3144517722744145,7.7084314402900755,13.356655649190934,13.356655649190934,9.933475076097611,2.857529471740216,-10.499126177450718,-3.4231805730933225
28422,0.24431818181818182,0.22348484848484848,0.1590909090909091,0.11553030303030302,0.20454545454545456,0.05303030303030303,0.42992424242424243,0.7045454545454546,0.20265151515151514,0.03409090909090909,True,0.45367112687610694,10.273772080783772,7.550508895159481,7.550508895159481,6.880352474112254,14.360263373529547,6.809754478370065,-0.6701564210472277
28451,0.22837665104388583,0.22028121005538986,0.15935236472092032,0.11504047720494248,0.21346399659139326,0.06348530038346825,0.39326800170430337,0.7187899446101406,0.2028121005538986,0.03792074989348104,True,0.43831384693385966,7.888836853622716,8.578595138429684,8.578595138429684,7.565351282851918,8.303373987436041,-0.27522115099364264,-1.013243855577766
28461,0.2127008416220352,0.17674062739097168,0.12853863810252486,0.10175975516449885,0.25325172149961744,0.12700841622035194,0.5745983167559297,0.5975516449885233,0.12241775057383321,0.02448355011476664,True,0.5966460431507586,7.638341745508659,4.75234243231386,4.75234243231386,5.040439762204304,9.394615932694595,4.642273500380735,0.28809732989044434
28462,0.3328149300155521,0.25038880248833595,0.13996889580093314,0.08553654743390357,0.14618973561430793,0.04510108864696734,0.38724727838258166,0.713841368584759,0.18351477449455678,0.026438569206842923,True,0.4269972478579917,8.920533429738287,9.015925021921902,9.015925021921902,8.53672599839486,9.43557823519211,0.4196532132702089,-0.47919902352704113
28465,0.23940677966101695,0.18008474576271186,0.1271186440677966,0.11228813559322035,0.2309322033898305,0.11016949152542373,0.5466101694915254,0.6101694915254238,0.09957627118644068,0.023305084745762712,True,0.5837478550902236,17.429468447768272,7.170694783111593,7.170694783111593,7.522828292572665,24.49358042264164,17.322885639530046,0.3521335094610727
28467,0.26021798365122617,0.19618528610354224,0.1539509536784741,0.12670299727520437,0.21525885558583105,0.047683923705722074,0.662125340599455,0.5395095367847411,0.08991825613079019,0.01634877384196185,True,0.6401186729054931,6.098833173023199,5.162211252770106,5.162211252770106,7.012430888028224,5.585199104805572,0.4229878520354653,1.8502196352581173
28468,0.23174603174603176,0.19047619047619047,0.13015873015873017,0.10793650793650794,0.24761904761904763,0.09206349206349207,0.6634920634920635,0.5301587301587302,0.08888888888888889,0.015873015873015872,True,0.6553113943180301,7.435889949842367,4.084604595421716,4.084604595421716,5.58253414540782,8.410740431006285,4.326135835584569,1.4979295499861038
28469,0.2332695984703633,0.1682600382409178,0.12237093690248566,0.10707456978967496,0.248565965583174,0.12045889101338432,0.6080305927342257,0.5717017208413002,0.1089866156787763,0.022944550669216062,True,0.6210831887418499,6.175386373441594,4.588067366841194,4.588067366841194,5.105482723680023,6.828124181628534,2.24005681478734,0.5174153568388284
28470,0.35271317829457366,0.2596899224806202,0.13565891472868216,0.0872093023255814,0.13372093023255813,0.031007751937984496,0.3313953488372093,0.7383720930232558,0.2054263565891473,0.027131782945736434,True,0.3862958971999259,10.45748737495602,10.77703677733453,10.77703677733453,9.260082847102943,12.35979096342644,1.5827541860919094,-1.5169539302315869
28479,0.2522255192878338,0.22551928783382788,0.1661721068249258,0.12166172106824925,0.20178041543026706,0.032640949554896145,0.3293768545994065,0.7685459940652819,0.258160237388724,0.03560830860534125,False,0.37246656925462485,9.95417901948552,9.844371681813989,10.019354132615222,7.336950208031606,7.336950208031606,-2.6824039245836158,-2.507421473782383
29016,0.24193548387096775,0.2138849929873773,0.14866760168302945,0.10869565217391304,0.21598877980364656,0.07082748948106592,0.2321178120617111,0.8387096774193549,0.32187938288920054,0.07152875175315568,False,0.3037157082893114,-1.2020030731320852,7.4206939798656535,-4.963180187125513,5.287706218312643,5.287706218312643,10.250886405438155,-2.132987761553011
29020,0.3290676416819013,0.2623400365630713,0.1380255941499086,0.08409506398537477,0.14351005484460694,0.04296160877513711,0.30438756855575866,0.7943327239488117,0.2513711151736746,0.03930530164533821,False,0.34519779206138573,7.533766198417968,8.236498235017848,7.163300820470097,7.202378154378458,7.202378154378458,0.03907733390836121,-1.03412008063939
29033,0.31092436974789917,0.2991596638655462,0.16638655462184873,0.08907563025210084,0.11092436974789915,0.023529411764705882,0.23865546218487396,0.8302521008403362,0.1865546218487395,0.04873949579831933,False,0.32164696973400975,12.373715075792724,11.605710780584715,12.737870969958182,12.84653834115611,12.84653834115611,0.10866737119792802,1.240827560571395
29036,0.21297602256699577,0.15162200282087446,0.12976022566995768,0.10648801128349789,0.2644569816643159,0.13469675599435826,0.3335684062059238,0.7693935119887165,0.2947813822284908,0.04724964739069112,False,0.3908705006756673,1.9061974753543653,6.525496927323111,-1.0579470810406786,2.2684018469545038,2.2684018469545038,3.3263489279951823,-4.257095080368607
29040,0.32,0.3176470588235294,0.1623529411764706,0.09176470588235294,0.0988235294117647,0.009411764705882352,0.23058823529411765,0.8470588235294118,0.2564705882352941,0.05176470588235294,False,0.28885673846407667,8.950369349226772,10.003660826985389,8.522536650284728,9.78833730166457,9.78833730166457,1.2658006513798412,-0.21532352532081944
29044,0.39035087719298245,0.31140350877192985,0.13596491228070176,0.07894736842105263,0.07456140350877193,0.008771929824561403,0.2850877192982456,0.8114035087719298,0.23684210526315788,0.03508771929824561,False,0.3194234586296819,14.259953081066667,9.484523809655343,16.501264736100087,9.081482608336543,9.081482608336543,-7.419782127763543,-0.40304120131879984
29045,0.26326530612244897,0.23945578231292516,0.16394557823129252,0.1054421768707483,0.1782312925170068,0.04965986394557823,0.2272108843537415,0.8353741496598639,0.3081632653061224,0.05918367346938776,False,0.2979453594862857,5.903178337150949,9.138146781393807,4.530288279275318,6.540067373268503,6.540067373268503,2.0097790939931848,-2.5980794081253045
29047,0.34615384615384615,0.30128205128205127,0.14743589743589744,0.08333333333333333,0.10256410256410256,0.019230769230769232,0.33974358974358976,0.8076923076923077,0.22435897435897437,0.03205128205128205,False,0.34879214282584703,7.157459187677118,7.447900646139701,7.0018964168250815,8.177728414211003,8.177728414211003,1.175831997385922,0.7298277680713028
29048,0.36,0.315,0.145,0.075,0.09,0.015,0.32,0.81,0.24,0.035,False,0.3328993475781039,9.91938625681219,7.360580779377067,11.196292029464185,7.829489453553794,7.829489453553794,-3.3668025759103912,0.46890867417672766
29056,0.40425531914893614,0.32978723404255317,0.11702127659574468,0.07446808510638298,0.05319148936170213,0.02127659574468085,0.2978723404255319,0.8404255319148937,0.23404255319148937,0.031914893617021274,False,0.31227738207745814,-9.368301219513208,8.169333211000819,-17.33169579905464,8.313702566125897,8.313702566125897,25.645398365180537,0.14436935512507887
29059,0.39285714285714285,0.29365079365079366,0.13095238095238096,0.07142857142857142,0.09126984126984126,0.01984126984126984,0.25396825396825395,0.8174603174603174,0.2777777777777778,0.03571428571428571,False,0.30022645921722285,16.038896739157103,9.392171572316805,18.890566094929323,7.406907101440559,7.406907101440559,-11.483658993488763,-1.9852644708762455
29061,0.34699853587115664,0.32210834553440704,0.15666178623718888,0.07759882869692533,0.08199121522693997,0.014641288433382138,0.2635431918008785,0.8272327964860908,0.25768667642752563,0.04978038067349927,False,0.30228452781138554,12.86275380901063,8.290442624499619,14.843703039047186,8.399430755170407,8.399430755170407,-6.44427228387678,0.10898813067078805
29063,0.24865156418554477,0.2313915857605178,0.16720604099244876,0.10841423948220065,0.18015102481121897,0.06418554476806904,0.26105717367853293,0.8349514563106796,0.27939590075512405,0.059870550161812294,False,0.31990458469214594,5.527261676771134,8.163680325535097,4.287138020701952,6.749062718990238,6.749062718990238,2.4619246982882865,-1.4146176065448586
29069,0.39622641509433965,0.2830188679245283,0.1179245283018868,0.08018867924528301,0.10849056603773585,0.014150943396226415,0.25943396226415094,0.8349056603773585,0.2783018867924528,0.04245283018867924,False,0.29831216683844475,3.580815667121162,8.452876945355143,1.5095311326135858,7.627629375370187,7.627629375370187,6.118098242756601,-0.8252475699849562
29070,0.2886178861788618,0.26558265582655827,0.15582655826558264,0.08807588075880758,0.15718157181571815,0.044715447154471545,0.31029810298102983,0.7940379403794038,0.23848238482384823,0.03387533875338753,False,0.3539841257915104,9.84241855041159,8.844409860944062,10.389276990858335,7.80057586284283,7.80057586284283,-2.5887011280155043,-1.0438339981012312
29072,0.22687439143135346,0.17526777020447906,0.13469652710159039,0.11002921129503408,0.2456994482310938,0.10743265173644921,0.27134047387211946,0.8153197013956508,0.3151574164232392,0.0519311911716975,False,0.3385948099733255,3.9896883594408017,7.829085138349271,2.0241763822603964,3.6425126470272033,3.6425126470272033,1.618336264766807,-4.186572491322067
29073,0.2753988245172124,0.26700251889168763,0.17002518891687657,0.11460957178841309,0.15113350125944586,0.0218303946263644,0.21788413098236775,0.8488664987405542,0.29932829554995805,0.04743912678421495,False,0.28529518321174047,8.363853699782053,11.127264853351164,7.260757886198868,8.087165227524473,8.087165227524473,0.8264073413256048,-3.0400996258266915
29080,0.4017094017094017,0.3162393162393162,0.1452991452991453,0.05982905982905983,0.07692307692307693,0.0,0.26495726495726496,0.8290598290598291,0.24786324786324787,0.05128205128205128,False,0.3010467603015799,-0.05911202744499633,7.190123276140099,-3.1814364961744968,9.074044950525987,9.074044950525987,12.255481446700484,1.8839216743858884
29102,0.39037433155080214,0.2927807486631016,0.1270053475935829,0.0748663101604278,0.09224598930481283,0.022727272727272728,0.3141711229946524,0.7794117647058824,0.2446524064171123,0.034759358288770054,False,0.3428149091095291,11.318470948599767,8.45196578634868,12.813758532387757,7.509100296746325,7.509100296746325,-5.304658235641432,-0.9428654896023545
29108,0.3687281213535589,0.3045507584597433,0.1423570595099183,0.07467911318553092,0.08984830805134189,0.019836639439906652,0.24620770128354727,0.8494749124854143,0.25787631271878647,0.043173862310385065,False,0.29241146546692703,-0.16588033720124074,8.847751643948627,-3.8907701681633053,8.695403996389107,8.695403996389107,12.586174164552412,-0.15234764755951957
29114,0.40540540540540543,0.2972972972972973,0.13513513513513514,0.05405405405405406,0.10810810810810811,0.0,0.24324324324324326,0.8513513513513513,0.3108108108108108,0.02702702702702703,False,0.27551359901748135,10.821960807925702,7.80551462911702,11.969079569353166,6.444630208312628,6.444630208312628,-5.5244493610405385,-1.3608844208043926
29115,0.4251668255481411,0.32221163012392756,0.1334604385128694,0.05338417540514776,0.05433746425166826,0.011439466158245948,0.23260247855100094,0.8512869399428027,0.2469018112488084,0.05433746425166826,False,0.2822781843931123,5.465399852813957,7.681077970300343,4.5939792235346975,9.410907360876969,9.410907360876969,4.816928137342272,1.7298293905766258
29118,0.3367198838896952,0.28737300435413643,0.15384615384615385,0.08127721335268505,0.10449927431059507,0.036284470246734396,0.27866473149492016,0.8214804063860668,0.2656023222060958,0.06531204644412192,False,0.3142360694400613,2.638385081428951,6.293418473649957,0.9635473192475885,7.0824026675338345,7.0824026675338345,6.118855348286246,0.7889841938838771
29127,0.2553648068669528,0.2317596566523605,0.15236051502145923,0.10515021459227468,0.18669527896995708,0.06866952789699571,0.37553648068669526,0.7682403433476395,0.22746781115879827,0.03862660944206009,False,0.4003625875345837,5.349399235520114,6.994386683360119,4.251083124169874,6.291084135936142,6.291084135936142,2.040001011766268,-0.7033025474239771
29130,0.29042904290429045,0.25742574257425743,0.1419141914191419,0.0924092409240924,0.1551155115511551,0.0627062706270627,0.3696369636963696,0.7821782178217822,0.20462046204620463,0.039603960396039604,False,0.3922292623472884,7.105933759068428,6.701490393655369,7.366944224116294,7.485627337943821,7.485627337943821,0.11868311382752772,0.784136944288452
29148,0.375968992248062,0.2868217054263566,0.12403100775193798,0.07751937984496124,0.10465116279069768,0.031007751937984496,0.39147286821705424,0.7248062015503876,0.20930232558139536,0.03488372093023256,False,0.4037992293740404,11.443152950202728,6.969467813017111,14.473123221728898,7.160844180002865,7.160844180002865,-7.312279041726033,0.19137636698575378
29150,0.3920990566037736,0.2865566037735849,0.12382075471698113,0.061910377358490566,0.09905660377358491,0.036556603773584904,0.23879716981132076,0.8360849056603774,0.25471698113207547,0.04658018867924528,False,0.2989885033612268,7.372751403743183,8.556660685754295,6.867802103993869,8.421099484480987,8.421099484480987,1.553297380487118,-0.13556120127330828
29153,0.3782991202346041,0.3064516129032258,0.13636363636363635,0.07331378299120235,0.08944281524926687,0.016129032258064516,0.2434017595307918,0.844574780058651,0.26832844574780057,0.0469208211143695,False,0.28929243235323027,12.587751352748056,8.510177317416918,14.247521649956433,8.315729620139326,8.315729620139326,-5.931792029817107,-0.19444769727759237
29154,0.32454212454212455,0.28644688644688643,0.15677655677655677,0.0967032967032967,0.11941391941391942,0.01611721611721612,0.25054945054945055,0.8307692307692308,0.27765567765567767,0.05128205128205128,False,0.2996451310503973,7.916179622598918,9.234543728054327,7.352120739501822,8.117274275245478,8.117274275245478,0.7651535357436563,-1.1172694528088485
29161,0.37527593818984545,0.282560706401766,0.1346578366445916,0.0772626931567329,0.11258278145695365,0.017660044150110375,0.24503311258278146,0.8388520971302428,0.271523178807947,0.046357615894039736,False,0.29543419466092385,3.8647665885418014,8.676976220312916,1.8469404801378557,8.243042670720587,8.243042670720587,6.396102190582732,-0.43393354959232866
29163,0.4470588235294118,0.3058823529411765,0.12941176470588237,0.058823529411764705,0.058823529411764705,0.0,0.27058823529411763,0.8352941176470589,0.27058823529411763,0.03529411764705882,False,0.292695266828487,7.448624864323428,7.639944495633188,7.369453401289885,7.609494524851581,7.609494524851581,0.2400411235616957,-0.03044997078160705
29169,0.31695568400770713,0.27842003853564545,0.15703275529865124,0.08188824662813102,0.1233140655105973,0.04238921001926782,0.2861271676300578,0.7639691714836223,0.18400770712909442,0.04335260115606936,False,0.36677866666273695,7.187680541687702,11.139762749950933,4.8985292345944735,11.104759120135487,11.104759120135487,6.206229885541013,-0.03500362981544569
29170,0.27803521779425394,0.26876737720111216,0.1705282669138091,0.11121408711770157,0.14735866543095458,0.024096385542168676,0.25764596848934196,0.8192771084337349,0.24559777571825764,0.04541241890639481,False,0.3222193929023548,8.599482967443928,11.118061360442148,7.402141538269693,9.719530318845234,9.719530318845234,2.3173887805755404,-1.3985310415969145
29180,0.38054607508532423,0.3225255972696246,0.12627986348122866,0.06655290102389079,0.08361774744027303,0.020477815699658702,0.2815699658703072,0.8395904436860068,0.24232081911262798,0.042662116040955635,False,0.30874046097735197,2.5188490137128428,7.261598653273182,0.40057269728279277,8.410014606468032,8.410014606468032,8.009441909185238,1.1484159531948492
29201,0.375,0.2469879518072289,0.1430722891566265,0.07680722891566265,0.10843373493975904,0.04969879518072289,0.1566265060240964,0.8885542168674698,0.09036144578313253,0.08433734939759036,False,0.30844464531097454,3.8912822357106025,12.357221607764401,0.11533914000342982,19.09643130953363,19.09643130953363,18.9810921695302,6.73920970176923
29203,0.4669811320754717,0.3248820754716981,0.1179245283018868,0.04481132075471698,0.039504716981132074,0.00589622641509434,0.21933962264150944,0.8384433962264151,0.2169811320754717,0.04481132075471698,False,0.2875831554733592,25.24862934392558,9.74478154065249,31.507107800041382,11.312892528884493,11.312892528884493,-20.19421527115689,1.5681109882320037
29204,0.363754889178618,0.2737940026075619,0.13689700130378096,0.07561929595827901,0.10299869621903521,0.0469361147327249,0.2842242503259452,0.7992177314211213,0.19426336375488917,0.04432855280312908,False,0.3476588043462526,10.868352567594798,9.638321467342195,11.52388550721541,10.27242597217942,10.27242597217942,-1.2514595350359894,0.6341045048372251
29205,0.27237728585178056,0.22906641000962463,0.13570741097208855,0.07988450433108758,0.15399422521655437,0.1289701636188643,0.24831568816169394,0.8296438883541867,0.17613089509143406,0.05293551491819057,False,0.3538223615585009,6.360939220802342,10.178045498756653,4.2708366278946075,9.966886486975689,9.966886486975689,5.696049859081081,-0.21115901178096408
29206,0.20540540540540542,0.2,0.1545945945945946,0.09405405405405405,0.19027027027027027,0.15567567567567567,0.31351351351351353,0.7935135135135135,0.2691891891891892,0.05189189189189189,False,0.3718756837506377,6.020407453244037,6.675065625679963,5.632822624573109,2.89615605672439,2.89615605672439,-2.7366665678487188,-3.778909568955573
29209,0.30685920577617326,0.29663056558363415,0.15403128760529483,0.0812274368231047,0.11010830324909747,0.05114320096269555,0.2388688327316486,0.8351383874849578,0.24428399518652227,0.05475330926594465,False,0.3066391230944934,7.5061754565219685,9.227236063369517,6.745035719836,8.829989828833977,8.829989828833977,2.0849541089979766,-0.3972462345355403
29210,0.3933500627352572,0.33814303638644916,0.13237139272271017,0.060225846925972396,0.06649937264742785,0.009410288582183186,0.2013801756587202,0.8531994981179423,0.20451693851944794,0.04956085319949812,False,0.2854825008149931,14.670486994830956,10.86800872260477,16.18975140429328,12.696706978759899,12.696706978759899,-3.4930444255333803,1.8286982561551284
29212,0.260347129506008,0.24632843791722298,0.1602136181575434,0.102803738317757,0.17556742323097463,0.05473965287049399,0.32309746328437916,0.7890520694259012,0.21695594125500667,0.050066755674232306,False,0.3726162718581461,5.636395852779086,8.219699438342161,4.102118012993207,8.579941178013396,8.579941178013396,4.4778231650201885,0.36024173967123474
29223,0.3341573959620931,0.30696332921302016,0.1454470539761022,0.07416563658838071,0.0984754841367944,0.0407911001236094,0.25669550885867326,0.80799340749897,0.24680675731355584,0.055212196126905644,False,0.3162902680707681,9.516803004901742,8.663943887177254,9.911343299378052,8.386397752017665,8.386397752017665,-1.524945547360387,-0.27754613515958937
29229,0.27905169063350177,0.27982899339292655,0.16945200155460552,0.10299261562378546,0.14108045083560047,0.027594247959580258,0.20637388262728332,0.8523124757092888,0.308589195491644,0.07190050524679363,False,0.2756542459062828,6.534995816099021,8.682713760778086,5.717668500912879,7.51418147588031,7.51418147588031,1.7965129749674311,-1.1685322848977755
29301,0.33500942803268385,0.3155248271527341,0.14959145191703332,0.07039597737272156,0.09679446888749214,0.03268384663733501,0.2143306096794469,0.8485229415461973,0.257071024512885,0.04714016341923319,False,0.28545130016951265,19.148340544332964,9.867777664915636,22.855783775092533,9.167808002889366,9.167808002889366,-13.687975772203167,-0.6999696620262696
29307,0.288716814159292,0.2743362831858407,0.1515486725663717,0.0918141592920354,0.14601769911504425,0.04756637168141593,0.29867256637168144,0.7964601769911505,0.2411504424778761,0.0420353982300885,False,0.3467390619132634,15.640112385240524,8.908928995322157,19.212902488108337,7.864285494361063,7.864285494361063,-11.348616993747275,-1.0446435009610937
29316,0.2663284717818643,0.26696258719086874,0.17755231452124287,0.10843373493975904,0.1534559289790742,0.027266962587190868,0.21623335447051364,0.8370323398858592,0.3037412809131262,0.05326569435637286,False,0.2878890453424534,12.37007217120576,10.576145376873,13.09531290631433,7.660934089081557,7.660934089081557,-5.434378817232773,-2.9152112877914433
29322,0.2909090909090909,0.2431818181818182,0.15454545454545454,0.09772727272727273,0.16818181818181818,0.045454545454545456,0.2772727272727273,0.7863636363636364,0.26590909090909093,0.03409090909090909,False,0.34089980544825504,13.777349154359154,10.662276769364865,15.38852690666433,7.403642669294872,7.403642669294872,-7.984884237369458,-3.258634100069994
29349,0.2768107804604155,0.261650758001123,0.16844469399213924,0.10275126333520494,0.15328467153284672,0.03705783267827063,0.23975294778214487,0.8107804604154969,0.291970802919708,0.04211117349803481,False,0.30862506146915153,11.648499589112337,11.006139606837635,11.935244708101065,7.272387469771758,7.272387469771758,-4.662857238329307,-3.7337521370658777
29356,0.28162291169451076,0.22195704057279236,0.14558472553699284,0.10023866348448687,0.15990453460620524,0.09069212410501193,0.38424821002386633,0.7183770883054893,0.21479713603818615,0.028639618138424822,False,0.4264769863538575,9.585763379316582,8.995375858512148,10.024780968258444,5.815896241520118,5.815896241520118,-4.208884726738326,-3.1794796169920296
29360,0.3473451327433628,0.3108407079646018,0.14491150442477876,0.07964601769911504,0.09623893805309734,0.02101769911504425,0.24004424778761063,0.8462389380530974,0.27101769911504425,0.03982300884955752,False,0.2891527166858961,6.9912149536478285,9.5236687573394,5.96108384896809,8.23333027642267,8.23333027642267,2.27224642745458,-1.2903384809167306
29369,0.26626506024096386,0.22771084337349398,0.163855421686747,0.10602409638554217,0.18313253012048192,0.05301204819277108,0.26506024096385544,0.827710843373494,0.28433734939759037,0.04819277108433735,False,0.32130851208192374,9.720513226144645,8.894410868943865,10.111609510604886,6.718285093399146,6.718285093399146,-3.39332441720574,-2.176125775544719
29384,0.30857142857142855,0.2742857142857143,0.17714285714285713,0.09142857142857143,0.12571428571428572,0.022857142857142857,0.32,0.7828571428571428,0.21142857142857144,0.02857142857142857,False,0.3613485669595213,8.934257535485068,10.106131104920017,8.271212229288725,9.51138048112043,9.51138048112043,1.2401682518317045,-0.5947506237995874
29401,0.21188630490956073,0.13178294573643412,0.09819121447028424,0.06718346253229975,0.16795865633074936,0.32299741602067183,0.3875968992248062,0.6795865633074936,0.06201550387596899,0.031007751937984496,True,0.538979888786504,5.08047705135013,10.963848724468775,10.963848724468775,6.106428290308948,4.20292268591856,-6.760926038550215,-4.8574204341598275
29403,0.2915422885572139,0.2427860696517413,0.1582089552238806,0.08656716417910448,0.1253731343283582,0.0955223880597015,0.13930348258706468,0.8736318407960199,0.10746268656716418,0.04875621890547264,True,0.31477349437925634,13.557393091545734,16.823787803432843,16.823787803432843,17.449582089668286,5.084535261954672,-11.739252541478171,0.6257942862354433
29405,0.3544520547945205,0.300513698630137,0.13784246575342465,0.07448630136986302,0.10102739726027397,0.031678082191780824,0.1832191780821918,0.8715753424657534,0.19263698630136986,0.03595890410958904,True,0.28852539505747693,27.759421995446274,13.32510674441864,13.32510674441864,13.496677188125139,62.9299161738299,49.60480942941126,0.1715704437064982
29406,0.4077669902912621,0.3174010455563854,0.15011202389843167,0.05974607916355489,0.05750560119492158,0.0074682598954443615,0.15832710978342046,0.7991038088125467,0.19940253920836445,0.040328603435399554,True,0.2911627050900011,16.15932932399382,15.555373213703994,15.555373213703994,14.113412547342268,21.14012558745893,5.5847523737549345,-1.4419606663617266
29407,0.24713584288052373,0.2580469176213857,0.1625750136388434,0.0889252591380251,0.15657392253136934,0.0867430441898527,0.2558647026732133,0.8074195308237861,0.1723949809056192,0.040370976541189305,True,0.3587393682111158,11.53917071183086,12.132513607867509,12.132513607867509,11.418731676383405,11.754460191622849,-0.3780534162446596,-0.7137819314841032
29410,0.2606324972737186,0.247546346782988,0.15485278080697928,0.09487459105779716,0.18865866957470012,0.05343511450381679,0.2148309705561614,0.8102508178844057,0.2682660850599782,0.04689203925845147,True,0.3154591342002408,12.783006018650166,11.691341866875788,11.691341866875788,8.772855177121436,21.484963994941396,9.793622128065607,-2.918486689754353
29412,0.2075654704170708,0.2017458777885548,0.1571290009699321,0.10135790494665374,0.20708050436469447,0.1251212415130941,0.27303588748787583,0.7856450048496605,0.19641125121241512,0.03734238603297769,True,0.3828047603916049,9.210984702088677,12.099869024492065,12.099869024492065,8.95410588206871,9.62514983606025,-2.4747191884318145,-3.1457631424233554
29414,0.2026116259477675,0.2346251053074979,0.18155012636899748,0.11625947767481044,0.2047177759056445,0.06023588879528222,0.2451558550968829,0.8340353833192923,0.2051390058972199,0.04759898904802022,True,0.34137864693840925,7.41113146357173,11.963368924556903,11.963368924556903,11.450298520381818,-0.3816279724864522,-12.344996897043355,-0.5130704041750853
29418,0.33135089209855567,0.3254035683942226,0.1622769753610875,0.07561597281223449,0.08920985556499575,0.016142735768903994,0.20900594732370434,0.8258283772302464,0.21240441801189464,0.041631265930331354,True,0.3004004158246037,15.8694958161697,12.59426184311598,12.59426184311598,12.202635942741624,24.40920983633125,11.81494799321527,-0.39162590037435585
29420,0.30183727034120733,0.28433945756780404,0.15398075240594924,0.08486439195100612,0.13560804899387577,0.03937007874015748,0.2125984251968504,0.8381452318460193,0.24934383202099739,0.048118985126859144,True,0.2990096540290346,11.96080739764196,10.994771990625217,10.994771990625217,9.827697290882988,16.961614467188745,5.966842476563528,-1.1670746997422299
29426,0.3287671232876712,0.3287671232876712,0.1506849315068493,0.0821917808219178,0.1095890410958904,0.0,0.2602739726027397,0.8493150684931506,0.273972602739726,0.0273972602739726,False,0.2919664085897161,12.61616313591054,9.475256794572779,13.911354713432255,8.308947278472939,8.308947278472939,-5.602407434959316,-1.1663095160998402
29429,0.25,0.20614035087719298,0.11403508771929824,0.07894736842105263,0.21052631578947367,0.14035087719298245,0.3201754385964912,0.7850877192982456,0.25,0.039473684210526314,False,0.3829778309670265,4.667015271213404,7.002687934827293,3.2172928860975754,4.128086895220054,4.128086895220054,0.9107940091224789,-2.8746010396072386
29432,0.34285714285714286,0.26666666666666666,0.17142857142857143,0.08571428571428572,0.11428571428571428,0.01904761904761905,0.2761904761904762,0.8476190476190476,0.2857142857142857,0.0380952380952381,False,0.30004577573183955,5.831666891324838,7.74533858653443,5.011343092457031,6.744811496322193,6.744811496322193,1.733468403865162,-1.0005270902122376
29437,0.30275229357798167,0.28440366972477066,0.14678899082568808,0.10091743119266056,0.13761467889908258,0.027522935779816515,0.30275229357798167,0.8256880733944955,0.26605504587155965,0.027522935779816515,False,0.326588128368386,19.500176497685118,9.151967539367313,24.518802301642978,7.143302638842375,7.143302638842375,-17.375499662800603,-2.0086649005249377
29438,0.22435897435897437,0.1858974358974359,0.1282051282051282,0.08333333333333333,0.22435897435897437,0.15384615384615385,0.5833333333333334,0.6217948717948718,0.12179487179487179,0.01282051282051282,True,0.5894776625993026,5.875724291994522,3.6477870966108554,3.6477870966108554,3.5898253486130223,7.467663455831241,3.8198763592203857,-0.05796174799783316
29440,0.37285363859362225,0.28454619787408014,0.1267375306623058,0.07277187244480784,0.10057236304170074,0.04251839738348324,0.3017170891251022,0.8004905968928864,0.2338511856091578,0.03188879803761243,True,0.3394764539353346,10.400195715128646,8.762032417526285,8.762032417526285,7.810236810329968,15.439510872713182,6.677478455186897,-0.951795607196317
29445,0.3001412429378531,0.2824858757062147,0.1673728813559322,0.0981638418079096,0.1317090395480226,0.020127118644067795,0.21610169491525424,0.8220338983050848,0.23834745762711865,0.04413841807909605,False,0.3061934845395765,13.400955182403184,12.701773450126723,13.709520879267641,11.067895125811784,11.067895125811784,-2.641625753455857,-1.6338783243149386
29448,0.3181818181818182,0.2818181818181818,0.15454545454545454,0.09090909090909091,0.12727272727272726,0.02727272727272727,0.2636363636363636,0.8272727272727273,0.2545454545454545,0.02727272727272727,False,0.31508632201986986,23.214316382282018,10.805678301541462,28.92276148979769,8.605714860236958,8.605714860236958,-20.317046629560732,-2.1999634413045044
29449,0.28028503562945367,0.26365795724465557,0.13539192399049882,0.0831353919239905,0.1496437054631829,0.08788598574821853,0.36342042755344417,0.7648456057007126,0.21377672209026127,0.035629453681710214,True,0.3961679851975279,9.791564353914461,7.130912736821628,7.130912736821628,6.226898496432003,15.224763015204587,8.09385027838296,-0.9040142403896247
29450,0.3173076923076923,0.24519230769230768,0.125,0.08653846153846154,0.16346153846153846,0.0625,0.24519230769230768,0.8509615384615384,0.2548076923076923,0.052884615384615384,False,0.3122189709676942,19.340028860046555,8.379311982066113,24.315658603027657,8.133093275088065,8.133093275088065,-16.182565327939592,-0.24621870697804837
29451,0.19246861924686193,0.11297071129707113,0.06276150627615062,0.06276150627615062,0.2175732217573222,0.3514644351464435,0.497907949790795,0.606694560669456,0.11715481171548117,0.029288702928870293,True,0.6011430886698411,5.095796958549581,5.902667763386461,5.902667763386461,-0.39076021652696724,8.736113698328714,2.8334459349422527,-6.293427979913428
29455,0.19033047735618114,0.18115055079559364,0.13525091799265607,0.09118727050183599,0.22827417380660955,0.17380660954712362,0.33598531211750304,0.7631578947368421,0.18910648714810283,0.033659730722154224,True,0.4277383271589217,0.2339827424852503,9.286445769287816,9.286445769287816,6.129168925845796,-7.653056816039269,-16.939502585327084,-3.1572768434420198
29456,0.2872628726287263,0.3100271002710027,0.17777777777777778,0.0981029810298103,0.11598915989159891,0.01084010840108401,0.15447154471544716,0.8628726287262872,0.25907859078590784,0.05094850948509485,True,0.2644659819940027,14.746077949067393,13.696845351575789,13.696845351575789,11.814879708959634,22.898340114745324,9.201494763169535,-1.881965642616155
29458,0.32786885245901637,0.2786885245901639,0.13114754098360656,0.06557377049180328,0.14754098360655737,0.04918032786885246,0.3360655737704918,0.7786885245901639,0.2459016393442623,0.03278688524590164,False,0.36277128338929043,13.117957118620517,6.601083977208802,16.82798206189281,6.232663342026939,6.232663342026939,-10.595318719865872,-0.3684206351818631
29461,0.26462128475551294,0.2665388302972196,0.16682646212847554,0.11025886864813039,0.1653883029721956,0.026366251198465963,0.21476510067114093,0.8499520613614573,0.30488974113135187,0.05129434324065196,False,0.2846898418504715,12.510605302700117,10.454366302762004,13.328978072931045,7.7613009257451075,7.7613009257451075,-5.567677147185938,-2.6930653770168966
29464,0.18424057860677578,0.1583555386372288,0.14350970688998857,0.09783022459078797,0.20593833269889608,0.2101256185763228,0.298058622002284,0.771602588503997,0.1811952797868291,0.03235629996193377,True,0.4182118768126845,5.0555104422069785,11.783546172515841,11.783546172515841,6.374604675287731,3.220475617227599,-8.563070555288242,-5.40894149722811
29466,0.21008403361344538,0.1265172735760971,0.10224089635854341,0.080765639589169,0.2488328664799253,0.2315592903828198,0.29971988795518206,0.7894491129785247,0.2861811391223156,0.04108309990662932,True,0.3881718947583945,-0.2788891339836286,6.8797021612377875,6.8797021612377875,0.1594835002077808,-0.969842553818518,-7.849544715056306,-6.720218661030007
29470,0.270042194092827,0.24472573839662448,0.1350210970464135,0.08016877637130802,0.17721518987341772,0.09282700421940929,0.31645569620253167,0.7932489451476793,0.22362869198312235,0.03375527426160337,False,0.3724453138988465,8.864240886399788,8.278754712220014,9.211719101056403,6.924893596924594,6.924893596924594,-2.2868255041318086,-1.3538611152954196
29471,0.35714285714285715,0.2571428571428571,0.14285714285714285,0.1,0.14285714285714285,0.0,0.3,0.8285714285714286,0.2571428571428571,0.04285714285714286,False,0.32439151248551656,14.413320865628476,8.007958564937717,17.488837534140192,8.56582929597321,8.56582929597321,-8.923008238166982,0.5578707310354929
29472,0.284037558685446,0.27230046948356806,0.1572769953051643,0.10093896713615023,0.14788732394366197,0.03755868544600939,0.26291079812206575,0.8286384976525821,0.2652582159624413,0.03755868544600939,False,0.31650071951775405,15.184972389260153,10.189369024935978,17.498233140783334,7.991179347454562,7.991179347454562,-9.507053793328772,-2.198189677481416
29479,0.3854166666666667,0.2986111111111111,0.15625,0.06597222222222222,0.0798611111111111,0.013888888888888888,0.2604166666666667,0.8333333333333334,0.25,0.024305555555555556,False,0.3023757584886948,17.332245584203033,9.898778212265071,20.554181120619283,8.745426554890418,8.745426554890418,-11.808754565728865,-1.1533516573746532
29482,0.19387755102040816,0.10204081632653061,0.07142857142857142,0.05102040816326531,0.14285714285714285,0.4387755102040816,0.41836734693877553,0.6326530612244898,0.09183673469387756,0.02040816326530612,False,0.5750206963383708,16.264341004624438,10.202101235503285,24.466889466103666,-0.26564730140399107,-0.26564730140399107,-24.732536767507657,-10.467748536907276
29483,0.2689679971233369,0.2484717727436174,0.16181229773462782,0.10176195613088818,0.1725997842502697,0.04638619201725998,0.24667385832434377,0.8212873067241999,0.2790363178712693,0.04854368932038835,False,0.31548723798352707,11.44212396816162,9.90111671446887,12.152363643968288,7.576487911691718,7.576487911691718,-4.57587573227657,-2.324628802777152
29485,0.2510402219140083,0.24098474341192788,0.16192787794729543,0.11130374479889044,0.19209431345353675,0.042649098474341195,0.24098474341192788,0.8359916782246879,0.2871012482662968,0.052011095700416086,True,0.3094764641710419,10.561028182645371,9.757980547776214,9.757980547776214,7.659490063774292,17.03512425503044,7.2771437072542255,-2.098490484001921
29487,0.26666666666666666,0.25925925925925924,0.1259259259259259,0.08888888888888889,0.13333333333333333,0.1259259259259259,0.37777777777777777,0.7555555555555555,0.2,0.02962962962962963,False,0.4139874684016283,5.044554235708754,7.9312827986491925,3.005230184950343,5.359526816373474,5.359526816373474,2.3542966314231313,-2.571755982275718
29492,0.17563989408649602,0.1526919682259488,0.13503971756398941,0.09355692850838482,0.21006178287731686,0.23300970873786409,0.25154457193292146,0.8067078552515445,0.20123565754633715,0.04324801412180053,False,0.3864192665649672,5.621548728911052,11.47083478471064,1.937800683308362,5.80873833854265,5.80873833854265,3.870937655234288,-5.66209644616799
29501,0.3126177024482109,0.2518832391713748,0.1370056497175141,0.08286252354048965,0.1497175141242938,0.06591337099811675,0.2565913370998117,0.8290960451977402,0.2678907721280603,0.04896421845574388,True,0.3174863833473052,1.3169243920785334,8.35272321690919,8.35272321690919,6.905933102252305,-10.697998919171852,-19.050722136081042,-1.446790114656885
29505,0.3219895287958115,0.268760907504363,0.14048865619546247,0.09075043630017451,0.14659685863874344,0.031413612565445025,0.2582897033158813,0.8272251308900523,0.27835951134380454,0.053228621291448515,True,0.30941669131271277,3.133807510701625,8.236986765512732,8.236986765512732,7.475512997111146,-6.55639157788014,-14.793378343392872,-0.7614737684015864
29506,0.46153846153846156,0.3064516129032258,0.11042183622828784,0.05086848635235732,0.05583126550868486,0.01488833746898263,0.22208436724565755,0.8560794044665012,0.25682382133995035,0.04094292803970223,True,0.2766253509798588,9.253881652621088,8.835396235597827,8.835396235597827,9.036190752901728,9.8231428487536,0.9877466131557728,0.2007945173039012
29510,0.3977272727272727,0.2840909090909091,0.13863636363636364,0.07727272727272727,0.09090909090909091,0.011363636363636364,0.22727272727272727,0.8522727272727273,0.2863636363636364,0.04090909090909091,False,0.27805231270649017,10.184696415326243,9.459672818529505,10.463933389700195,8.005466122226338,8.005466122226338,-2.458467267473857,-1.4542066963031672
29511,0.30944625407166126,0.2703583061889251,0.15309446254071662,0.10097719869706841,0.14332247557003258,0.02280130293159609,0.250814332247557,0.8078175895765473,0.2703583061889251,0.03908794788273615,False,0.3153105857586141,9.51410118899172,11.203790234350393,8.735971964908044,8.480553224905975,8.480553224905975,-0.2554187400020691,-2.723237009444418
29512,0.4171779141104294,0.32975460122699385,0.12883435582822086,0.05521472392638037,0.05828220858895705,0.010736196319018405,0.23159509202453987,0.8726993865030674,0.2791411042944785,0.04141104294478527,True,0.2672798134102565,4.974887230325753,7.599159138060266,7.599159138060266,7.810027545917642,-2.797359070445113,-10.396518208505379,0.21086840785737593
29526,0.3379032258064516,0.2653225806451613,0.14233870967741935,0.09556451612903226,0.12983870967741937,0.02903225806451613,0.34153225806451615,0.7528225806451613,0.20040322580645162,0.034274193548387094,True,0.3851390564729684,8.10344805028189,9.875881703906437,9.875881703906437,9.40384548830355,6.027409325400583,-3.8484723785058534,-0.47203621560288767
29527,0.36533957845433257,0.30288836846213896,0.14988290398126464,0.08196721311475409,0.08665105386416862,0.01327088212334114,0.2576112412177986,0.8071818891491023,0.2419984387197502,0.02966432474629196,True,0.3140049883999731,10.527437491866177,11.463339444375606,11.463339444375606,9.510439395758098,12.749235382058314,1.2858959376827084,-1.9529000486175079
29530,0.33962264150943394,0.33962264150943394,0.1320754716981132,0.0660377358490566,0.12264150943396226,0.0,0.20754716981132076,0.8679245283018868,0.3018867924528302,0.02830188679245283,False,0.2634924404187568,4.967645762514761,9.858756186549812,3.217805444895517,8.10630408711205,8.10630408711205,4.8884986422165335,-1.752452099437761
29532,0.4057971014492754,0.30434782608695654,0.13285024154589373,0.059178743961352656,0.07971014492753623,0.018115942028985508,0.2391304347826087,0.8514492753623188,0.2632850241545894,0.042270531400966184,False,0.2855786335342256,-3.0116746304081454,8.220860704493276,-7.501702844338567,8.390004527156723,8.390004527156723,15.89170737149529,0.16914382266344674
29540,0.3790322580645161,0.3064516129032258,0.14112903225806453,0.06451612903225806,0.0846774193548387,0.024193548387096774,0.2701612903225806,0.8467741935483871,0.2661290322580645,0.04435483870967742,False,0.2973191806580211,0.7126564219986253,6.843916218260944,-1.8816098349532293,7.323568699670208,7.323568699670208,9.205178534623437,0.4796524814092642
29541,0.33985330073349634,0.2982885085574572,0.14425427872860636,0.09290953545232274,0.10757946210268948,0.017114914425427872,0.2396088019559902,0.8533007334963325,0.29095354523227385,0.0488997555012225,False,0.28322571279383624,2.721771568108333,8.884632051320402,0.28658299569145385,7.558387515581959,7.558387515581959,7.271804519890505,-1.326244535738443
29544,0.30491803278688523,0.28524590163934427,0.14426229508196722,0.10163934426229508,0.13442622950819672,0.029508196721311476,0.21311475409836064,0.839344262295082,0.3081967213114754,0.036065573770491806,True,0.2820953142359913,9.998423969874825,11.730126407158018,11.730126407158018,7.238987936171046,17.020915867789675,5.2907894606316574,-4.4911384709869715
29545,0.3670886075949367,0.3291139240506329,0.1518987341772152,0.06329113924050633,0.08860759493670886,0.0,0.25316455696202533,0.8227848101265823,0.26582278481012656,0.0,False,0.297651505895328,9.087322462696722,12.08357892767851,7.8175251237171235,8.556207050331864,8.556207050331864,0.7386819266147402,-3.5273718773466456
29550,0.3567567567567568,0.25405405405405407,0.13590733590733592,0.07876447876447877,0.13822393822393822,0.036293436293436294,0.2594594594594595,0.8223938223938224,0.2648648648648649,0.043243243243243246,False,0.3151428847216369,1.117667886529139,8.772828070861088,-2.404919832393851,7.79542035729445,7.79542035729445,10.200340189688301,-0.9774077135666381
29554,0.391304347826087,0.30978260869565216,0.13043478260869565,0.07065217391304347,0.08695652173913043,0.010869565217391304,0.28532608695652173,0.8478260869565217,0.266304347826087,0.035326086956521736,False,0.3003945579015636,1.664295142811989,7.169488370617906,-0.699508776250088,7.422022163094329,7.422022163094329,8.121530939344417,0.2525337924764237
29555,0.36475409836065575,0.27459016393442626,0.14754098360655737,0.0860655737704918,0.10655737704918032,0.020491803278688523,0.22950819672131148,0.8565573770491803,0.29098360655737704,0.036885245901639344,False,0.2806115663099037,5.429094892834052,9.907701396830902,3.6821265971029176,7.623855434921278,7.623855434921278,3.941728837818361,-2.2838459619096234
29560,0.4153846153846154,0.29423076923076924,0.12307692307692308,0.06346153846153846,0.08269230769230769,0.021153846153846155,0.23846153846153847,0.8634615384615385,0.29423076923076924,0.046153846153846156,True,0.2744834076124191,8.222250863554637,7.153669093012326,7.153669093012326,6.7576958731284265,12.093373549114645,4.939704456102319,-0.3959732198838992
29566,0.3176302640970735,0.23197715917202,0.14846538187009278,0.10563882940756603,0.15845824411134904,0.03783012134189864,0.49036402569593146,0.6545324768022841,0.14275517487508924,0.024982155603140613,True,0.504019955660143,8.354954801943748,7.682794655576423,7.682794655576423,8.501923523316599,8.210330462918112,0.5275358073416889,0.8191288677401758
29568,0.34810126582278483,0.2679324894514768,0.14978902953586498,0.0949367088607595,0.11708860759493671,0.022151898734177215,0.39767932489451474,0.7267932489451476,0.1909282700421941,0.024261603375527425,True,0.41449647994809913,5.927736549386187,8.884685634351342,8.884685634351342,8.541547235436372,2.2355571667692704,-6.649128467582072,-0.3431383989149701
29569,0.38933951332560834,0.30011587485515645,0.13093858632676708,0.07531865585168018,0.08922363847045191,0.015063731170336037,0.2630359212050985,0.8122827346465817,0.25028968713789107,0.03244495944380069,True,0.311733797910417,9.803731947214601,10.201992085545939,10.201992085545939,8.801175871238307,12.017240612041288,1.815248526495349,-1.400816214307632
29572,0.2808988764044944,0.20365168539325842,0.12359550561797752,0.07865168539325842,0.17415730337078653,0.13904494382022473,0.4943820224719101,0.6446629213483146,0.09129213483146068,0.023876404494382022,True,0.5468138243153139,6.3617944386173075,7.217650225946279,7.217650225946279,7.6710819204312095,5.276688392701164,-1.9409618332451153,0.45343169448493015
29575,0.305019305019305,0.2471042471042471,0.14478764478764478,0.09652509652509653,0.1554054054054054,0.05115830115830116,0.46814671814671815,0.668918918918919,0.13513513513513514,0.026061776061776062,True,0.49331752135077067,10.56451792956221,7.9189614774129495,7.9189614774129495,8.939128970599345,12.233941922939511,4.314980445526562,1.0201674931863955
29576,0.27188689505165853,0.210984230560087,0.14355628058727568,0.10657966286025014,0.19358346927678086,0.0734094616639478,0.5551930396954867,0.6046764545948885,0.12398042414355628,0.021207177814029365,True,0.5664050380285001,7.288213513962671,6.427133987912505,6.427133987912505,6.868310806765354,7.609657862326306,1.1825238744138007,0.4411768188528491
29577,0.38140020898641586,0.23772204806687566,0.1238244514106583,0.07471264367816093,0.12434691745036573,0.05799373040752351,0.3463949843260188,0.7136886102403344,0.13897596656217345,0.025078369905956112,True,0.4259698850095524,9.505325980881917,11.630436787845873,11.630436787845873,11.294408183021616,7.094387794022571,-4.536048993823303,-0.3360286048242571
29579,0.2925076975709887,0.23571672938761545,0.13855627779678412,0.09510776599384195,0.16968867601778995,0.06842285323297982,0.3212452959288402,0.752651385562778,0.2179267875470407,0.035921997947314405,True,0.3869261273841793,7.544359409204127,10.125328459770685,10.125328459770685,8.014234595069272,6.799855020751702,-3.3254734390189835,-2.111093864701413
29581,0.36464088397790057,0.30939226519337015,0.143646408839779,0.06629834254143646,0.09944751381215469,0.016574585635359115,0.27624309392265195,0.8066298342541437,0.24861878453038674,0.027624309392265192,True,0.31917544815279314,-1.7928682419052766,9.529101517012329,9.529101517012329,8.431401547030365,-23.601982750251675,-33.131084267264,-1.0976999699819636
29582,0.28227960819234194,0.19590382902938558,0.13535173642030277,0.10240427426536064,0.1923419412288513,0.0917186108637578,0.5494211932324132,0.6010685663401603,0.09795191451469279,0.018699910952804988,True,0.5779514347632256,6.643131575237393,7.348188308074555,7.348188308074555,7.756353610609732,5.830202089196169,-1.5179862188783861,0.4081653025351777
29583,0.35,0.28,0.145,0.09,0.115,0.02,0.27,0.835,0.3,0.045,False,0.2978188395942267,6.68946909965511,7.794794658827591,6.2206630507768415,6.1883497010468815,6.1883497010468815,-0.03231334972995992,-1.6064449577807096
29585,0.23824786324786323,0.1623931623931624,0.12393162393162394,0.1014957264957265,0.2329059829059829,0.14102564102564102,0.5555555555555556,0.6111111111111112,0.13782051282051283,0.02564102564102564,True,0.5795701990008542,6.065494648329572,4.998115047067188,4.998115047067188,4.175492629215459,7.436533349342838,2.4384183022756503,-0.8226224178517292
29588,0.33243347473968377,0.26957192441187816,0.15001928268414963,0.09448515233320479,0.12572310065561126,0.027767065175472425,0.32934824527574236,0.7481681450057848,0.21056691091399923,0.02699575780948708,True,0.37861797094159405,8.657505095564776,10.98892085971854,10.98892085971854,9.194525051629732,7.776156148723649,-3.2127647109948914,-1.794395808088808
29591,0.35978835978835977,0.2698412698412698,0.15343915343915343,0.08465608465608465,0.10582010582010581,0.026455026455026454,0.24338624338624337,0.8412698412698413,0.291005291005291,0.042328042328042326,False,0.29025764080231226,12.882590441919483,9.107842171894532,14.426318969999171,7.0439371648776685,7.0439371648776685,-7.382381805121502,-2.0639050070168636
29601,0.21961932650073207,0.20937042459736457,0.16398243045387995,0.10395314787701318,0.15226939970717424,0.15080527086383602,0.21815519765739386,0.8374816983894583,0.1171303074670571,0.03953147877013177,False,0.3660415915235703,19.31750714123115,15.36555138972249,21.599329029814463,13.497309878765241,13.497309878765241,-8.102019151049221,-1.8682415109572492
29605,0.31152125279642057,0.26174496644295303,0.13814317673378076,0.0743847874720358,0.11465324384787472,0.09955257270693513,0.21252796420581654,0.8366890380313199,0.24384787472035793,0.036353467561521254,False,0.30793361718986123,20.148481490878332,11.642384242958705,23.933253239341074,7.974548138975422,7.974548138975422,-15.958705100365652,-3.6678361039832836
29607,0.26136363636363635,0.25042087542087543,0.1473063973063973,0.09090909090909091,0.1611952861952862,0.0888047138047138,0.2074915824915825,0.8421717171717171,0.21422558922558924,0.04882154882154882,False,0.31933913508706013,14.50716819315938,12.044879273387238,15.662376689059993,10.492641268562341,10.492641268562341,-5.169735420497652,-1.552238004824897
29609,0.28912280701754384,0.24140350877192981,0.13824561403508773,0.0863157894736842,0.1529824561403509,0.09192982456140351,0.24561403508771928,0.8063157894736842,0.22245614035087719,0.04070175438596491,False,0.3410982998656021,14.461554457537918,11.4448977906873,16.023208434346746,8.839077670240044,8.839077670240044,-7.184130764106701,-2.6058201204472553
29615,0.2533889468196038,0.24452554744525548,0.1465067778936392,0.08967674661105318,0.16423357664233576,0.10166840458811262,0.3096976016684046,0.7659019812304484,0.20125130344108447,0.03962460896767466,False,0.3872743064757782,9.875756082448728,10.06543232594354,9.755870893316406,8.054959483815576,8.054959483815576,-1.7009114095008293,-2.010472842127964
29621,0.28286852589641437,0.2410358565737052,0.14292828685258965,0.09860557768924302,0.17330677290836655,0.061254980079681276,0.3002988047808765,0.7963147410358565,0.2594621513944223,0.04830677290836653,False,0.34977890815451745,4.3503525557199385,8.157041597100687,2.302588259426793,6.677022366437839,6.677022366437839,4.374434107011046,-1.4800192306628475
29644,0.27960819234194123,0.26892252894033836,0.163846838824577,0.09528049866429207,0.1549421193232413,0.037399821905609976,0.22439893143365983,0.8504007123775601,0.2894033837934105,0.03829029385574354,False,0.29135829917199607,12.571171767276446,10.534524819754566,13.408539918135292,7.716731373106171,7.716731373106171,-5.6918085450291205,-2.8177934466483947
29649,0.29975227085053674,0.2700247729149463,0.1494632535094963,0.08918249380677126,0.14616019818331957,0.04541701073492981,0.29232039636663915,0.8026424442609413,0.2518579686209744,0.053674649050371594,False,0.3384395984835634,6.241988542711541,7.669549730518028,5.511679966042683,7.503272216458992,7.503272216458992,1.9915922504163088,-0.16627751405903624
29651,0.2709832134292566,0.22621902478017586,0.14788169464428458,0.10271782573940848,0.18305355715427657,0.06914468425259793,0.2478017585931255,0.8189448441247003,0.27857713828936853,0.03916866506794564,False,0.32322368210042396,12.467618762617661,10.714137539339859,13.305069250307312,6.931562569565834,6.931562569565834,-6.373506680741478,-3.782574969774025
29657,0.31004366812227074,0.2838427947598253,0.16739446870451238,0.0975254730713246,0.12663755458515283,0.01455604075691412,0.22998544395924309,0.8442503639010189,0.2765647743813683,0.034934497816593885,False,0.2909715245681961,15.534308420420139,11.30019931194397,17.271904617429144,8.823601434842026,8.823601434842026,-8.448303182587118,-2.476597877101945
29661,0.30859375,0.265625,0.15234375,0.08984375,0.125,0.05859375,0.28515625,0.8203125,0.2578125,0.02734375,False,0.3284933171940801,21.363762377758057,9.79119098024939,27.024930708873047,6.853286127141114,6.853286127141114,-20.171644581731933,-2.937904853108275
29662,0.2796934865900383,0.2796934865900383,0.17624521072796934,0.10600255427841634,0.140485312899106,0.017879948914431672,0.24521072796934865,0.842911877394636,0.24393358876117496,0.05108556832694764,False,0.30789765499552046,14.114047041808607,10.331471554818073,15.796812792704,10.224016023236757,10.224016023236757,-5.572796769467242,-0.10745553158131571
29671,0.303886925795053,0.26855123674911663,0.16136631330977622,0.10129564193168433,0.13898704358068315,0.02591283863368669,0.2838633686690224,0.8056537102473498,0.24852767962308597,0.028268551236749116,False,0.33343523118130824,15.90462996161457,11.024373505703899,18.34587725778432,8.63170990839393,8.63170990839393,-9.71416734939039,-2.3926635973099692
29672,0.21806853582554517,0.19626168224299065,0.11993769470404984,0.09968847352024922,0.21339563862928349,0.1526479750778816,0.4766355140186916,0.6682242990654206,0.16510903426791276,0.029595015576323987,False,0.5169319413468926,6.3702097282986925,6.410296354433385,6.327312962307517,4.337629811829515,4.337629811829515,-1.989683150478002,-2.0726665426038693
29676,0.21474358974358973,0.16025641025641027,0.11217948717948718,0.09935897435897435,0.2403846153846154,0.17307692307692307,0.592948717948718,0.5705128205128205,0.11538461538461539,0.016025641025641024,False,0.6220295402290669,7.540325744604326,5.4145327501040725,11.03876326745344,3.3733795178267343,3.3733795178267343,-7.665383749626706,-2.0411532322773382
29680,0.24519230769230768,0.23076923076923078,0.16185897435897437,0.11164529914529915,0.1971153846153846,0.053418803418803416,0.23557692307692307,0.844551282051282,0.2863247863247863,0.049145299145299144,False,0.30813153133505883,10.216709800261503,10.031793064922894,10.29906458214557,7.540784411931067,7.540784411931067,-2.758280170214503,-2.4910086529918267
29681,0.23426346528228423,0.17942894224529526,0.13043478260869565,0.1009085009733939,0.24205061648280338,0.11291369240752758,0.27611940298507465,0.8098637248539909,0.30045425048669694,0.050292018170019465,False,0.34614169195972133,6.562830036022116,7.664452330852427,5.979649551283785,3.9763856505056836,3.9763856505056836,-2.0032639007781015,-3.6880666803467435
29687,0.28957169459962756,0.2532588454376164,0.16154562383612664,0.1005586592178771,0.15595903165735567,0.03910614525139665,0.2746741154562384,0.797486033519553,0.25093109869646185,0.038175046554934824,False,0.33747039504673515,13.491788202138677,10.689366413164777,14.919248018488036,8.425841034123952,8.425841034123952,-6.493406984364084,-2.263525379040825
29693,0.32242990654205606,0.278816199376947,0.1588785046728972,0.08878504672897196,0.1261682242990654,0.024922118380062305,0.2897196261682243,0.8099688473520249,0.24454828660436137,0.029595015576323987,False,0.33159721245724294,6.544989174529725,9.884453926756912,4.888267773039585,8.477138392742106,8.477138392742106,3.5888706197025204,-1.4073155340148062
29902,0.26608187134502925,0.22807017543859648,0.15789473684210525,0.10087719298245613,0.17543859649122806,0.07163742690058479,0.33771929824561403,0.7690058479532164,0.2222222222222222,0.043859649122807015,True,0.38711156924241363,6.776812828790391,8.363229038789562,8.363229038789562,7.358589869090636,5.855723288691614,-2.5075057500979483,-1.004639169698926
29906,0.3019047619047619,0.31523809523809526,0.16285714285714287,0.08761904761904762,0.10476190476190476,0.02761904761904762,0.19714285714285715,0.8419047619047619,0.2561904761904762,0.049523809523809526,True,0.28409592741370376,7.630322915112564,11.756788332927613,11.756788332927613,10.102933605136293,1.3994977180632446,-10.357290614864368,-1.6538547277913196
29907,0.2316546762589928,0.1985611510791367,0.13525179856115108,0.10647482014388489,0.22589928057553957,0.10215827338129496,0.3712230215827338,0.7381294964028777,0.23453237410071942,0.03884892086330935,True,0.42171667099581134,5.305340598440544,7.770328190903541,7.770328190903541,5.231397031570175,5.406736476168759,-2.363591714734782,-2.538931159333366
29909,0.17854671280276815,0.15986159169550174,0.1411764705882353,0.12525951557093426,0.27612456747404845,0.11903114186851212,0.7079584775086505,0.45051903114186853,0.10103806228373702,0.019377162629757784,True,0.7034478387790121,-2.217912765409058,4.497018245895163,4.497018245895163,3.309616401026041,-4.548150531671254,-9.045168777566417,-1.1874018448691217
29910,0.25813777441332325,0.20249810749432248,0.1339894019682059,0.09197577592732778,0.19454958364875094,0.11884935654806965,0.3069644208932627,0.7358062074186222,0.22975018925056775,0.0404996214988645,True,0.39819898058475434,5.283154647129473,10.35914493729637,10.35914493729637,6.296750059778489,3.7513005180429646,-6.607844419253406,-4.062394877517882
29915,0.18518518518518517,0.1111111111111111,0.18518518518518517,0.0,0.2222222222222222,0.2962962962962963,0.5555555555555556,0.5185185185185185,0.1111111111111111,0.0,False,0.64362900427238,-1.6780913607086112,4.309396358297974,-12.491880375184898,-0.6772645540754496,-0.6772645540754496,11.814615821109449,-4.986660912373424
29920,0.3135245901639344,0.23975409836065573,0.11475409836065574,0.07377049180327869,0.1557377049180328,0.10245901639344263,0.4672131147540984,0.680327868852459,0.17008196721311475,0.030737704918032786,True,0.4842542553893227,-2.1926273260924445,5.089235388116755,5.089235388116755,5.221181064023515,-10.08856233545478,-15.177797723571535,0.13194567590675987
29922,0.4,0.375,0.175,0.0,0.05,0.0,0.325,0.875,0.275,0.0,False,0.2885262039862915,-4.917695856362925,3.0691799819706134,-8.15663871027487,5.104723288400059,5.104723288400059,13.261361998674928,2.035543306429446
29926,0.24561403508771928,0.1739766081871345,0.10891812865497076,0.08333333333333333,0.21929824561403508,0.16885964912280702,0.48026315789473684,0.625,0.1513157894736842,0.024853801169590642,True,0.5436537777345539,1.6239078364435944,7.154586265990339,7.154586265990339,4.278802819496345,-0.60462684067432,-7.759213106664659,-2.875783446493994
29927,0.30983606557377047,0.2540983606557377,0.12131147540983607,0.07868852459016394,0.1737704918032787,0.06229508196721312,0.38524590163934425,0.6967213114754098,0.17540983606557378,0.027868852459016394,False,0.44227001884328077,3.7884023102598086,9.0857705259725,-0.41231706961644576,8.54888831816842,8.54888831816842,8.961205387784865,-0.53688220780408
29928,0.19387755102040816,0.14399092970521543,0.10657596371882086,0.08049886621315193,0.20861678004535147,0.26643990929705214,0.5804988662131519,0.5816326530612245,0.07709750566893424,0.015873015873015872,True,0.6360430391529882,3.0612478565363643,5.589559474666984,5.589559474666984,2.363280902884817,3.460638959944953,-2.128920514722031,-3.226278571782167
29935,0.2956989247311828,0.3225806451612903,0.1774193548387097,0.08064516129032258,0.0913978494623656,0.03225806451612903,0.3118279569892473,0.7903225806451613,0.1935483870967742,0.03763440860215054,False,0.35440866201541604,10.635921289551643,9.461518551945595,11.280630222917381,10.033692215060523,10.033692215060523,-1.2469380078568584,0.5721736631149277
29936,0.3861671469740634,0.2953890489913545,0.13976945244956773,0.07060518731988473,0.08645533141210375,0.021613832853025938,0.19740634005763688,0.8097982708933718,0.23631123919308358,0.043227665706051875,True,0.2966145389700441,12.166402762730844,12.71382395607688,12.71382395607688,10.99978196514936,14.932902713823463,2.2190787577465834,-1.7140419909275195
29940,0.3780487804878049,0.3170731707317073,0.10365853658536585,0.054878048780487805,0.0975609756097561,0.04878048780487805,0.2926829268292683,0.8170731707317073,0.24390243902439024,0.042682926829268296,True,0.32516433413430135,3.2263121359178415,6.523426918271845,6.523426918271845,7.072682786069379,-4.756322570228049,-11.279749488499894,0.5492558677975339
29941,0.3125,0.21875,0.125,0.0,0.09375,0.25,0.5,0.625,0.125,0.0,True,0.5458837953861713,-3.5470723580156793,4.4805665738794715,4.4805665738794715,0.7706351147447421,-7.138937415624971,-11.619503989504443,-3.7099314591347294
29945,0.3968253968253968,0.35978835978835977,0.13227513227513227,0.047619047619047616,0.06349206349206349,0.0,0.24338624338624337,0.8677248677248677,0.26455026455026454,0.042328042328042326,True,0.2735478026513167,9.060665170093408,6.885438289048913,6.885438289048913,8.530878990976753,10.467601472319284,3.582163183270371,1.6454407019278392
