,zip,1,2,3,4,5,6,elderlyReturns,returnsTotalwSalariesWages,returnsDependentCareCredit,returnsEducationCredit,risk_group,propensity_score,price_shift,y_0,y_0_corrected,y_1,y_1_corrected,treatment_effect,treatment_effect_no_corr
269,33004,0.3602339181286549,0.2608187134502924,0.1473684210526315,0.0865497076023391,0.1052631578947368,0.039766081871345,0.256140350877193,0.7707602339181286,0.1941520467836257,0.0456140350877193,False,0.4426262605457506,16.285307206949984,21.387355367633237,12.233626371217104,22.418958803244305,22.418958803244305,10.1853324320272,1.0316034356110677
270,33009,0.4063205417607223,0.2478555304740406,0.1309255079006772,0.0708803611738149,0.0930022573363431,0.0510158013544018,0.2830699774266366,0.654627539503386,0.1751693002257336,0.0397291196388261,True,0.4895981058086801,1.1180049802447911,23.364696840070906,23.364696840070906,25.08465795676776,-23.86702852277185,-47.23172536284275,1.719961116696858
271,33010,0.5114537444933921,0.3079295154185022,0.1070484581497797,0.0374449339207048,0.0308370044052863,0.0052863436123348,0.1766519823788546,0.7308370044052863,0.1973568281938326,0.0577092511013215,False,0.4535322298603872,26.59983127908811,29.512882736074676,24.18219057788513,34.015797222291596,34.015797222291596,9.833606644406466,4.50291448621692
272,33012,0.452,0.3138666666666667,0.1258666666666666,0.052,0.0477333333333333,0.0085333333333333,0.188,0.7378666666666667,0.2162666666666666,0.0637333333333333,True,0.4372688324850015,20.534686798040468,26.53580958534671,26.53580958534671,29.530636702604298,8.95759504893832,-17.57821453640839,2.9948271172575858
273,33013,0.4750830564784053,0.3095238095238095,0.1157253599114064,0.0509413067552602,0.0420819490586932,0.0066445182724252,0.17718715393134,0.7203765227021041,0.207641196013289,0.0548172757475083,True,0.4463413746544168,25.291373032769847,27.72755218008504,27.72755218008504,31.19366099749414,17.969953091647,-9.757599088438038,3.4661088174091006
274,33014,0.3761343012704174,0.2767695099818512,0.1456442831215971,0.0753176043557168,0.0893829401088929,0.0367513611615245,0.1941923774954627,0.7776769509981851,0.2318511796733212,0.0653357531760435,False,0.4265130187358288,18.058670031692525,22.46746263468317,14.7797683242176,23.6956659244784,23.6956659244784,8.915897600260802,1.228203289795232
275,33015,0.3686746987951807,0.2843373493975903,0.1527108433734939,0.0771084337349397,0.0948795180722891,0.022289156626506,0.1756024096385542,0.7855421686746988,0.2641566265060241,0.0728915662650602,True,0.4057086427343942,17.38089168616157,22.369864955947005,22.369864955947005,23.353484942703584,8.632099624688308,-13.737765331258696,0.9836199867565796
276,33016,0.4105657237936772,0.2999168053244592,0.1310316139767054,0.0586522462562396,0.0615640599001663,0.038269550748752,0.1917637271214642,0.7699667221297837,0.2383527454242928,0.0682196339434276,True,0.4318891556595233,16.311193125573496,24.130384230776432,24.130384230776432,26.23084549515387,3.262793994920184,-20.867590235856248,2.1004612643774365
277,33018,0.3652849740932642,0.2707253886010363,0.1441062176165803,0.0770725388601036,0.108160621761658,0.0346502590673575,0.1654792746113989,0.7817357512953368,0.2726683937823834,0.0793393782383419,True,0.4105467598431706,14.333318180019573,22.092504794977163,22.092504794977163,22.925952189427832,1.9962193310059104,-20.096285463971252,0.8334473944506691
278,33019,0.2327365728900255,0.149616368286445,0.1202046035805626,0.0856777493606138,0.1867007672634271,0.2250639386189258,0.4194373401534527,0.618925831202046,0.1355498721227621,0.0281329923273657,True,0.5803615763615534,-3.5074261074438784,12.134090354683105,12.134090354683105,9.671086899773574,-13.03633127535301,-25.170421630036113,-2.463003454909529
279,33020,0.3983200707338638,0.2935455349248452,0.1392572944297082,0.0654288240495137,0.0773651635720601,0.0260831122900088,0.1984969053934571,0.7785145888594165,0.1980548187444739,0.0557029177718832,True,0.4348564829734287,29.096825549532102,23.661215083977982,23.661215083977982,25.503915350967677,33.766204955108094,10.104989871130112,1.842700266989695
280,33021,0.3078778135048231,0.2242765273311897,0.1483118971061093,0.0860128617363344,0.1515273311897106,0.0819935691318328,0.2765273311897106,0.7411575562700965,0.2303054662379421,0.0486334405144694,True,0.45454639696874,13.718400798648831,18.22071316195558,18.22071316195558,17.784512925719483,8.83908479299955,-9.38162836895603,-0.4362002362360968
281,33023,0.4052731720576243,0.3098668116335961,0.1405273172057624,0.0679532481652623,0.066322370209296,0.0100570807284588,0.1742321282957325,0.8306605055721663,0.2622995379179125,0.0845338407175863,True,0.3963081095006425,36.35329774202383,24.30791282095374,24.30791282095374,26.526180271160843,51.322840332559494,27.014927511605755,2.2182674502071045
282,33024,0.3322077922077922,0.2701298701298701,0.1579220779220779,0.0846753246753246,0.1192207792207792,0.0358441558441558,0.2005194805194805,0.8033766233766234,0.2602597402597402,0.0672727272727272,True,0.406137628870959,24.20172957557916,20.318824393345807,20.318824393345807,20.54127586870664,29.554116459341852,9.235292065996044,0.2224514753608311
283,33025,0.3262074425969913,0.2705199261018738,0.1628397994193718,0.0960675640010556,0.1200844550013196,0.0242808128793877,0.1649511744523621,0.8324096067564001,0.2707838479809976,0.0865663763525996,False,0.3881294913121969,18.545964317212913,20.329248449305688,17.41476882204412,20.397403853022723,20.397403853022723,2.982635030978603,0.0681554037170357
284,33026,0.2576335877862595,0.2022900763358778,0.1533078880407124,0.1062340966921119,0.1952926208651399,0.0852417302798982,0.2964376590330789,0.7958015267175572,0.272264631043257,0.0585241730279898,False,0.427212219785115,14.754912772230778,15.653433677569762,14.084753380301729,14.2716047527013,14.2716047527013,0.1868513723995732,-1.3818289248684614
285,33027,0.2893576826196473,0.2005667506297229,0.1363350125944584,0.0963476070528967,0.186712846347607,0.0906801007556675,0.2761335012594458,0.785264483627204,0.2767632241813602,0.0670654911838791,False,0.4361127465121131,9.170044465507509,17.213039150808164,2.9495589328191087,16.538579986789422,16.538579986789422,13.589021053970312,-0.6744591640187423
286,33028,0.2613469985358712,0.1742313323572474,0.1244509516837481,0.0922401171303074,0.2247437774524158,0.1229868228404099,0.2276720351390922,0.8243045387994143,0.308199121522694,0.0739385065885798,False,0.4303191604217508,7.285790732599029,15.654223116282775,0.9645375901219636,14.261139956217022,14.261139956217022,13.296602366095058,-1.3930831600657552
287,33029,0.2497820401046207,0.1734960767218831,0.1194420226678291,0.091543156059285,0.2301656495204882,0.1355710549258936,0.2218831734960767,0.8321708805579773,0.3156059285091543,0.074978204010462,True,0.4307995515733648,6.880458981317439,14.958247997425628,14.958247997425628,13.281913975576458,-1.5775606243381546,-16.53580862176378,-1.6763340218491685
288,33030,0.4965859714463066,0.2737430167597765,0.1005586592178771,0.0465549348230912,0.0626939788950962,0.0198634388578522,0.1278708876474239,0.7995034140285537,0.2973308504034761,0.0558659217877094,True,0.4137443030039636,31.51896772874587,28.81857267825424,28.81857267825424,33.117233867623426,29.25430179273213,0.435729114477887,4.298661189369184
289,33031,0.3475783475783476,0.1994301994301994,0.1168091168091168,0.0826210826210826,0.1652421652421652,0.0883190883190883,0.2421652421652421,0.7150997150997151,0.245014245014245,0.0569800569800569,False,0.4677072940987655,14.809518760525076,20.217553775062576,10.057664386044822,20.55233932600814,20.55233932600814,10.49467493996332,0.3347855509455648
290,33032,0.3992046497399816,0.2854083817681248,0.139186295503212,0.0737228510247782,0.0877944325481798,0.0146833894157234,0.1165494034873049,0.8085041297032731,0.3098806974609972,0.0856531049250535,True,0.3864425659102573,25.87831610416993,24.20588327258395,24.20588327258395,25.88321991753553,25.870530287049174,1.664647014465224,1.6773366449515803
291,33033,0.4101934295363831,0.2879950875038379,0.1344795824378262,0.0703101013202333,0.0825913417255142,0.014430457476205,0.1252686521338655,0.8133251458397298,0.3097942892232115,0.0743015044519496,True,0.3876300705658395,30.3569389208457,24.704599783669135,24.704599783669135,26.743644576127434,36.06514623218779,11.360546448518658,2.0390447924582986
292,33034,0.4892519346517627,0.3112639724849527,0.1117798796216681,0.0421324161650902,0.0395528804815133,0.0060189165950128,0.1212381771281169,0.8314703353396389,0.3250214961306965,0.0662080825451418,True,0.3878596264191787,46.753534419783136,28.667135653781465,28.667135653781465,32.91739574822161,68.59045303263238,39.92331737885092,4.250260094440144
293,33035,0.3546961325966851,0.2883977900552486,0.1602209944751381,0.087292817679558,0.092817679558011,0.0165745856353591,0.118232044198895,0.8519337016574585,0.3348066298342541,0.0828729281767955,False,0.3624422429523695,27.59655094106812,22.01370457324855,30.77031729751737,22.754287921500584,22.754287921500584,-8.016029376016785,0.7405833482520343
300,33054,0.4971428571428571,0.3104761904761904,0.1149206349206349,0.0406349206349206,0.0317460317460317,0.005079365079365,0.1606349206349206,0.7860317460317461,0.2431746031746031,0.0723809523809523,True,0.4241516235396556,57.38697232501973,28.89051390724552,28.89051390724552,33.25968813618647,90.1433185405329,61.25280463328738,4.369174228940949
301,33055,0.4412470023980815,0.3141486810551558,0.1342925659472422,0.0551558752997601,0.0491606714628297,0.0059952038369304,0.1738609112709832,0.7605915267785771,0.2370103916866506,0.0683453237410072,True,0.4217878274020646,34.327114584857824,26.10757955399596,26.10757955399596,28.882169465371565,41.79137349106272,15.68379393706676,2.774589911375603
302,33056,0.4247787610619469,0.3156342182890855,0.1361848574237954,0.0614552605703048,0.0540806293018682,0.007866273352999,0.1730580137659783,0.8008849557522124,0.2595870206489675,0.0835791543756145,True,0.4049755093316605,39.01094757684432,25.28781215797264,25.28781215797264,27.851341070435584,55.40759138499328,30.11977922702064,2.5635289124629423
303,33060,0.3723586521987436,0.2752712735579669,0.1233580810965162,0.0662478583666476,0.1022272986864648,0.0605368360936607,0.231296402055968,0.7881210736721873,0.231296402055968,0.0548258138206739,True,0.4402032048792331,24.070940777520455,21.820600002488753,21.820600002488753,23.18376476147584,25.199143128128135,3.378543125639382,1.3631647589870894
304,33062,0.233044733044733,0.1594516594516594,0.1341991341991342,0.1024531024531024,0.1933621933621933,0.1774891774891775,0.4985569985569985,0.6111111111111112,0.0858585858585858,0.023088023088023,True,0.5779496843612784,6.458216401632466,12.408199622253123,12.408199622253123,10.22444081157524,3.7079143528662617,-8.700285269386864,-2.1837588106778867
305,33063,0.3346952672795369,0.2781750085120871,0.1661559414368403,0.0912495743956418,0.1096356826693905,0.0200885257065032,0.275110657133129,0.7906026557711952,0.2335716717739189,0.0650323459312223,True,0.4127831595723772,26.356780033874607,20.314593243490513,20.314593243490513,20.84524366533741,34.197378413874326,13.882785170383812,0.5306504218468966
306,33064,0.3922743922743922,0.2737262737262737,0.1318681318681318,0.0639360639360639,0.0809190809190809,0.0572760572760572,0.2251082251082251,0.7515817515817516,0.2147852147852147,0.0549450549450549,True,0.4525183714296191,34.154427650548435,22.85583792365764,22.85583792365764,24.51343970817509,45.81862542232642,22.96278749866878,1.6576017845174498
307,33065,0.345821325648415,0.2755763688760806,0.145893371757925,0.0781700288184438,0.1177953890489913,0.036743515850144,0.1790345821325648,0.8213256484149856,0.2889048991354467,0.071685878962536,True,0.3963530460578248,21.14466957842027,21.06193749879765,21.06193749879765,21.66228402258376,20.35634112820778,-0.7055963705898698,0.6003465237861114
308,33066,0.310272536687631,0.2379454926624738,0.1740041928721174,0.110062893081761,0.1341719077568134,0.0335429769392033,0.440251572327044,0.6635220125786163,0.1677148846960167,0.0492662473794549,False,0.4735738067305766,18.31463758215559,18.238634857726353,18.383009749023486,18.099375959255877,18.099375959255877,-0.2836337897676095,-0.1392588984704765
309,33067,0.2364714603409933,0.1638250555967383,0.1171237954040029,0.0822831727205337,0.2023721275018532,0.1979243884358784,0.2557449962935508,0.7983691623424759,0.2720533728687917,0.0533728687916975,True,0.4793994203184441,6.3366838811864,13.373065990222496,13.373065990222496,11.326174181186772,0.9183804114611612,-12.454685578761335,-2.046891809035724
310,33068,0.4021457639659637,0.3244543100258971,0.1442841287458379,0.0658527561968183,0.0554938956714761,0.0077691453940066,0.1553829078801331,0.8479467258601554,0.290788013318535,0.0902700702922678,True,0.3805459572716813,29.804619460212223,24.267242816965663,24.267242816965663,26.418499650929963,35.31655715115673,11.049314334191068,2.1512568339643003
311,33069,0.3457694870086609,0.2718187874750166,0.156562291805463,0.0866089273817455,0.1045969353764157,0.0346435709526982,0.2864756828780813,0.7461692205196535,0.1932045303131246,0.061958694203864,True,0.4443090523887317,13.2920095217536,20.617976095954585,20.617976095954585,21.246156059731717,3.3438727386641744,-17.27410335729041,0.6281799637771321
313,33071,0.2632653061224489,0.2158163265306122,0.1387755102040816,0.0913265306122449,0.1913265306122449,0.0994897959183673,0.2311224489795918,0.8214285714285714,0.288265306122449,0.0658163265306122,True,0.4215768648043697,11.907358153438574,16.03056512330381,16.03056512330381,14.67345089983196,8.112149800738264,-7.918415322565545,-1.35711422347185
314,33073,0.2983970406905055,0.2237977805178791,0.1424167694204685,0.094944512946979,0.1744759556103575,0.0659679408138101,0.1861898890258939,0.7916152897657214,0.2731196054254007,0.064118372379778,False,0.4178355305027836,9.614267341748972,18.357422971509372,3.339062889673073,17.556724382846845,17.556724382846845,14.217661493173772,-0.8006985886625273
315,33076,0.2035214914552045,0.1222164681512169,0.094251683065769,0.0725012946659761,0.2138788192646297,0.2936302433972035,0.2496116002071465,0.8026929052304506,0.3293630243397203,0.0450543759709994,False,0.5050177822945904,2.906177723165193,10.585325983375771,-4.928662167165934,7.70677407687165,7.70677407687165,12.635436244037583,-2.878551906504123
316,33109,0.15,0.0,0.075,0.0,0.1,0.675,0.5,0.5,0.0,0.0,False,0.8091043976171071,-24.85112393833713,2.0553741656542854,-138.89338404629828,-2.709021493539611,-2.709021493539611,136.18436255275867,-4.764395659193896
317,33125,0.4815526518063028,0.303228285933897,0.1137586471944658,0.0488086087624903,0.0438124519600307,0.0088393543428132,0.1664104534973097,0.7325134511913912,0.2063797079169869,0.0557263643351268,True,0.4462301965334768,23.74605763684754,28.060737727740857,28.060737727740857,31.72601944368075,13.842958483608443,-14.217779244132412,3.6652817159398943
318,33126,0.4340909090909091,0.3075757575757575,0.1329545454545454,0.0609848484848484,0.0522727272727272,0.0121212121212121,0.1859848484848484,0.7401515151515151,0.209090909090909,0.0602272727272727,True,0.4369516505411892,10.882879922973942,25.629580848189555,25.629580848189555,28.14898256090299,-11.36592170034424,-36.99550254853379,2.519401712713435
319,33127,0.5003767897513187,0.2908816880180859,0.1039939713639789,0.0429540316503391,0.0452147701582517,0.0165787490580256,0.1492087415222306,0.785983421250942,0.2238131122833458,0.0663149962321024,False,0.4373296173725207,53.154523171493025,28.95134027799799,71.96619167371995,33.36433285827992,33.36433285827992,-38.601858815440025,4.412992580281934
320,33128,0.4890710382513661,0.2704918032786885,0.1147540983606557,0.0573770491803278,0.0573770491803278,0.0109289617486338,0.1174863387978142,0.7377049180327869,0.1693989071038251,0.0519125683060109,False,0.4569267081156503,8.559073533263506,28.612377127139457,-8.313216330596642,32.29835815791124,32.29835815791124,40.61157448850789,3.6859810307717815
321,33129,0.2438709677419354,0.1561290322580645,0.12,0.0929032258064516,0.1819354838709677,0.2051612903225806,0.2645161290322581,0.7329032258064516,0.1548387096774193,0.032258064516129,False,0.5321959048641405,-7.902732595961637,13.602234028695,-32.36779241669379,11.41583908554503,11.41583908554503,43.78363150223882,-2.1863949431499687
322,33130,0.3508254716981132,0.2205188679245283,0.1320754716981132,0.080188679245283,0.1279481132075471,0.088443396226415,0.1179245283018868,0.7759433962264151,0.1285377358490566,0.048938679245283,False,0.4781582058559997,-10.23826575836272,20.914911856564533,-38.7835982369575,21.150168928647386,21.150168928647386,59.93376716560488,0.2352570720828488
323,33131,0.1836734693877551,0.1217906517445688,0.1059907834101382,0.0915075707702435,0.2225148123765635,0.2745227123107307,0.1474654377880184,0.7603686635944701,0.0954575378538512,0.0276497695852534,True,0.5639029871713123,-13.958544541960372,10.309282514581207,10.309282514581207,6.193632433767304,-29.54332486950284,-39.852607384084045,-4.115650080813904
324,33132,0.2520547945205479,0.1726027397260274,0.1378995433789954,0.1050228310502283,0.1844748858447488,0.147945205479452,0.084931506849315,0.7570776255707763,0.0885844748858447,0.039269406392694,False,0.5070097547598331,-16.933774318202342,15.508195734362902,-50.29831943666386,12.866463950396604,12.866463950396604,63.16478338706047,-2.641731783966298
325,33133,0.253723110865968,0.1704357418643133,0.1125206839492553,0.0711527854384997,0.1412024269167126,0.2509652509652509,0.2664092664092664,0.734142305570877,0.1621621621621621,0.0380584666298952,True,0.5518624347844108,1.3706069800118792,13.490917403376033,13.490917403376033,11.61239079044097,-6.946190415453433,-20.437107818829467,-1.8785266129350635
326,33134,0.2795992714025501,0.186247723132969,0.1183970856102003,0.0796903460837887,0.1479963570127504,0.1880692167577413,0.2955373406193078,0.72632058287796,0.1780510018214936,0.0414389799635701,False,0.5242674820792205,0.7258186039357906,15.418599888448147,-15.46594285571433,14.280619872299798,14.280619872299798,29.746562728014126,-1.137980016148349
327,33135,0.5012091898428053,0.2956469165659008,0.1112454655380894,0.0399032648125755,0.0399032648125755,0.0120918984280532,0.185006045949214,0.7158403869407497,0.1844014510278113,0.0495767835550181,False,0.463086529785727,25.228806072997468,28.89274159870051,22.068670814555663,33.07300694830205,33.07300694830205,11.004336133746383,4.180265349601541
328,33136,0.4435695538057743,0.2834645669291338,0.1325459317585302,0.0577427821522309,0.0669291338582677,0.0157480314960629,0.1102362204724409,0.8097112860892388,0.1916010498687664,0.0695538057742782,False,0.4282246582076727,18.408479390896492,26.37374618656041,12.442983151737272,29.225463406708773,29.225463406708773,16.782480254971503,2.8517172201483625
329,33137,0.2617062219371392,0.1751122514432328,0.1250801796023091,0.0936497754971135,0.1744708146247594,0.1699807568954458,0.1141757536882617,0.7710070558050032,0.1167415009621552,0.0397690827453495,True,0.5104435102022048,-10.366488373652183,15.569658858654032,15.569658858654032,13.409333221281877,-33.169418628292256,-48.739077486946286,-2.1603256373721553
330,33138,0.3203401842664777,0.2147413182140326,0.1119773210489014,0.073706591070163,0.1360737065910701,0.143160878809355,0.2253720765414599,0.7739192062367115,0.1885187810063784,0.0481927710843373,True,0.4909299354050344,4.773659092293925,18.272237611670523,18.272237611670523,18.175722246730807,-9.123617614016757,-27.39585522568728,-0.0965153649397159
331,33139,0.2627489072365226,0.1787275376396309,0.1233608547838756,0.0786789703739679,0.1525012141816416,0.2039825157843613,0.192326372025255,0.7251092763477416,0.0942204953861097,0.0237979601748421,True,0.5475735586272229,-12.81405895586012,14.848216696289011,14.848216696289011,12.809383503540309,-33.985137626440604,-48.83335432272962,-2.0388331927487044
332,33140,0.2421875,0.146484375,0.1064453125,0.0732421875,0.154296875,0.27734375,0.30859375,0.6650390625,0.134765625,0.02734375,True,0.5894442889140535,-12.640189949628,12.41226928825374,12.41226928825374,10.020303763005051,-28.4235222928568,-40.83579158111054,-2.391965525248686
333,33141,0.349654071314529,0.2389568919638105,0.1330494944119212,0.0750399148483235,0.1064395955295369,0.0968600319318786,0.2080894092602448,0.7237892496008516,0.1500798296966471,0.0383182543906333,True,0.4903976099932343,-5.399066389826612,20.35838105022817,20.35838105022817,20.65625013524019,-32.47475212520368,-52.833133175431854,0.2978690850120173
334,33142,0.5402077722200846,0.3001154290111581,0.098114659484417,0.0330896498653328,0.0234705656021546,0.0050019238168526,0.1635244324740284,0.7502885725278954,0.229318968834167,0.0604078491727587,True,0.44454123870388,63.76530310757911,30.96966564958428,30.96966564958428,36.30248766344202,98.08036798835548,67.1107023387712,5.332822013857744
335,33143,0.2573349633251833,0.182762836185819,0.1234718826405868,0.0745721271393643,0.1424205378973105,0.2194376528117359,0.2756723716381418,0.7603911980440098,0.182762836185819,0.0519559902200489,True,0.5252294134214198,5.810445066323133,14.02608495478158,14.02608495478158,12.419258821037076,-0.1634594842139201,-14.1895444389955,-1.6068261337445051
336,33144,0.4179310344827586,0.2820689655172413,0.1337931034482758,0.0627586206896551,0.0758620689655172,0.0275862068965517,0.2110344827586207,0.7193103448275862,0.2096551724137931,0.0620689655172413,False,0.449673892090117,16.202881983540006,24.539605297690898,9.390908562561536,26.620978201682885,26.620978201682885,17.230069639121346,2.081372903991987
337,33145,0.3577392421323057,0.2427745664739884,0.1303789338471419,0.0770712909441233,0.1213872832369942,0.0706486833654463,0.218368657675016,0.7508028259473346,0.2029543994861914,0.0494540783558124,False,0.4593269195032138,5.883522994286849,21.03881847929338,-6.991605138397006,21.74083892531431,21.74083892531431,28.732444063711316,0.7020204460209314
338,33146,0.192868719611021,0.1150729335494327,0.0907617504051863,0.072933549432739,0.1636952998379254,0.3646677471636953,0.3176661264181523,0.7374392220421394,0.1442463533225283,0.0421393841166936,False,0.6075835834505733,-5.109985934055694,8.869980880861313,-26.75535543367119,5.663403488073293,5.663403488073293,32.418758921744484,-3.20657739278802
339,33147,0.5084017194216491,0.3091051191871825,0.107854630715123,0.0394685423993747,0.0300898788589292,0.0050801094177413,0.1535756154747948,0.7682688550214928,0.2375928096912856,0.069558421258304,True,0.4314385476419308,56.04404642939382,29.46786671255351,29.46786671255351,34.005923790897924,85.08648383576966,55.61861712321615,4.538057078344416
340,33149,0.1987480438184663,0.1064162754303599,0.082942097026604,0.0610328638497652,0.1549295774647887,0.3959311424100156,0.325508607198748,0.6619718309859155,0.1877934272300469,0.0203442879499217,True,0.6262363910339298,-17.197170757261294,8.724428239598488,8.724428239598488,5.289413836135511,-30.61808837125134,-39.34251661084983,-3.4350144034629775
341,33150,0.49,0.3085714285714285,0.0971428571428571,0.04,0.0457142857142857,0.0185714285714285,0.165,0.8121428571428572,0.2521428571428571,0.0842857142857142,True,0.4239567260312289,50.82022958886094,28.35346575161423,28.35346575161423,32.70943816717211,75.42792878112873,47.0744630295145,4.355972415557879
342,33154,0.2439372325249643,0.1512125534950071,0.1027104136947218,0.0741797432239657,0.1569186875891583,0.2710413694721826,0.3281027104136947,0.644793152639087,0.181169757489301,0.0271041369472182,True,0.5787246739072143,-6.501275394502104,12.49221528439893,12.49221528439893,10.11071456229806,-18.59376393288276,-31.08597921728169,-2.381500722100869
343,33155,0.3398692810457516,0.2369281045751634,0.1311274509803921,0.079656862745098,0.1315359477124183,0.0808823529411764,0.2410130718954248,0.7487745098039216,0.2287581699346405,0.0604575163398692,False,0.4561254118744167,10.628452131805366,19.942699142867543,2.8169734435607907,20.256616317182377,20.256616317182377,17.439642873621583,0.313917174314831
344,33156,0.229642647920328,0.1423550087873462,0.1036906854130052,0.0679554774458113,0.1417691857059168,0.3145869947275923,0.3046280023432923,0.7369654364381957,0.1739894551845342,0.0427650849443468,True,0.5780647364339552,-0.7175566671927425,11.347786681558048,11.347786681558048,9.041791779498482,-7.841003228714659,-19.188789910272707,-2.3059949020595667
345,33157,0.3592796979378449,0.2416497240778391,0.1234388614580307,0.0711588730758059,0.1251815277374383,0.0792913157130409,0.2233517281440604,0.7659018297995934,0.261399941911124,0.0638977635782747,True,0.444553155282501,20.407504676885168,20.982196691277675,20.982196691277675,21.84044546631428,18.617117114233373,-2.365079577044302,0.8582487750366035
346,33158,0.1789137380191693,0.0926517571884984,0.0894568690095846,0.0638977635782747,0.1980830670926517,0.3769968051118211,0.3769968051118211,0.7476038338658147,0.2300319488817891,0.0351437699680511,True,0.5908440579698669,-1.6265189462620344,7.777498952384896,7.777498952384896,4.520278885245963,-5.883139323999165,-13.66063827638406,-3.257220067138933
347,33160,0.3256821134690342,0.1901255954958856,0.1203984408834993,0.0753572975313988,0.1312256388046773,0.1572109138155045,0.3161541792983975,0.6145517540060632,0.1667388479861412,0.0368124729320051,True,0.5447179875675202,-12.161921724048277,17.957729655747475,17.957729655747475,17.48090390190706,-36.93776098986132,-54.89549064560879,-0.4768257538404157
348,33161,0.4223433242506812,0.3098481899571818,0.1226158038147139,0.0556636823666796,0.0642273258077072,0.0253016738030362,0.1903464383028415,0.8271701050992604,0.2456208641494745,0.094200077851304,True,0.4147773592939085,32.966486091892676,24.872948148436688,24.872948148436688,27.6096503714485,40.5246169201611,15.651668771724411,2.736702223011811
349,33162,0.4357366771159874,0.3107926556202418,0.1236005373936408,0.0546350201522615,0.0586654724585759,0.0165696372592924,0.2019704433497537,0.8042991491267353,0.2431706224809673,0.0931482310792655,True,0.4187650996547746,34.451848838203844,25.58337231676219,25.58337231676219,28.592883627389813,42.58393783807762,17.000565521315426,3.009511310627623
350,33165,0.3873598369011213,0.2612979952429494,0.1335372069317023,0.0757730207271491,0.1026163778457356,0.0394155623513421,0.237172952769283,0.7268093781855249,0.2303771661569826,0.0655793408086986,False,0.4458942457996017,13.314210654292458,22.79137725969346,5.687843261789002,24.21439882555176,24.21439882555176,18.526555563762756,1.4230215658582992
351,33166,0.3310170562223626,0.2255211623499684,0.1389766266582438,0.080227416298168,0.1446620341124447,0.0795957043588123,0.2090966519267214,0.7580543272267846,0.2331017056222362,0.0524320909665192,True,0.449084333083162,8.877252760298337,19.668317097381735,19.668317097381735,19.658165415060836,-4.3482669197008335,-24.016584017082568,-0.0101516823208989
352,33167,0.4459962756052141,0.3128491620111732,0.1247672253258845,0.0567970204841713,0.0484171322160148,0.0111731843575419,0.1778398510242085,0.8063314711359404,0.2569832402234637,0.0912476722532588,True,0.4109954678337371,48.72413846015397,26.255093481899376,26.255093481899376,29.444271808678064,76.35444031514766,50.09934683324827,3.1891783267786877
353,33168,0.4291637871458189,0.3255010366275052,0.1292328956461644,0.0532135452660677,0.050449205252246,0.0124395300621976,0.2038700760193504,0.8320663441603318,0.253628196268141,0.1002073255010366,False,0.4057867138717614,43.41762991052332,25.308411477547388,55.78436826904151,28.308499240078746,28.308499240078746,-27.47586902896277,3.0000877625313542
354,33169,0.4018223234624146,0.3097949886104784,0.1407744874715261,0.0651480637813211,0.0687927107061503,0.0136674259681093,0.1785876993166287,0.8318906605922551,0.269248291571754,0.0988610478359909,True,0.3959100499028364,33.078673694688106,24.075575942255178,24.075575942255178,26.229236183112373,43.52972530496395,19.45414936270877,2.153660240857196
355,33170,0.4313725490196078,0.2756632064590542,0.1188004613610149,0.0599769319492502,0.0865051903114186,0.0276816608996539,0.1441753171856978,0.7727797001153403,0.2883506343713956,0.0657439446366782,True,0.4151698512094896,23.8880352027933,25.4822572534325,25.4822572534325,27.94555965913918,18.172392256628292,-7.309864996804208,2.4633024057066812
356,33172,0.4080484638684552,0.2964084811769796,0.1410644742535698,0.0662051060147122,0.0692340977931631,0.0190393768931198,0.1994807442665512,0.7654694937256599,0.228039809606231,0.067503245348334,True,0.4264771201690472,10.80467098058735,24.21863695459618,24.21863695459618,26.24735204868563,-9.962517925059036,-34.18115487965522,2.028715094089449
357,33173,0.3002296211251435,0.2198622273249139,0.1458094144661308,0.092422502870264,0.1561423650975889,0.0855338691159586,0.2807118254879449,0.7617680826636051,0.2330654420206659,0.0597014925373134,False,0.4505950684255171,12.934884649643765,17.786233929490066,8.95604511785468,17.28450303456904,17.28450303456904,8.328457916714358,-0.5017308949210282
358,33174,0.4240619416319238,0.285288862418106,0.1357951161405598,0.0625372245384157,0.0714711137581894,0.0208457415128052,0.2126265634306134,0.756998213222156,0.2072662298987492,0.0839785586658725,True,0.4403633190167057,12.880169024805866,24.915873556263794,24.915873556263794,27.38466269526278,-5.552898277899626,-30.46877183416342,2.4687891389989858
359,33175,0.3696021761305678,0.2539952397143828,0.1387283236994219,0.0754845290717443,0.1135668140088405,0.0486229173750425,0.2335940156409384,0.7412444746684801,0.2414144848690921,0.0703842230533832,True,0.4412817628923452,16.891384521799036,21.82798655297094,21.82798655297094,22.846932068904025,9.350911956788266,-12.477074596182677,1.0189455159330834
360,33176,0.2940516273849607,0.2121212121212121,0.1271979049756827,0.0841750841750841,0.1488963711185933,0.1335578002244669,0.2861952861952861,0.7706696595585485,0.2304526748971193,0.0628507295173961,True,0.4733368135309996,13.237092234027848,16.852850544676222,16.852850544676222,16.289063296362,9.841284515820831,-7.011566028855391,-0.5637872483142239
361,33177,0.399871009351822,0.2766849403418252,0.1370525636891325,0.0757820058045791,0.0899709771041599,0.0206385037084811,0.1705901322154144,0.7665269267978072,0.2608835859400193,0.0783618187681393,True,0.4160685736644487,22.55474127225481,23.927202949621684,23.927202949621684,25.617031987372915,18.256969466554448,-5.670233483067236,1.689829037751231
362,33178,0.3514866979655712,0.2156494522691705,0.1289514866979655,0.081377151799687,0.143035993740219,0.0794992175273865,0.1589984350547731,0.7417840375586855,0.2957746478873239,0.0679186228482003,False,0.4350827682696445,-3.829609556672109,20.881589724850738,-22.861454200065182,21.10938042065124,21.10938042065124,43.970834620716424,0.2277906958005005
363,33179,0.3735392320534224,0.265025041736227,0.1452420701168614,0.0747078464106844,0.0918196994991652,0.0496661101836394,0.2124373956594324,0.7796327212020033,0.2408180300500834,0.0792988313856427,False,0.4311709007602126,15.758717568639804,22.09806063945971,10.95351286704066,23.35495731244404,23.35495731244404,12.40144444540338,1.256896672984329
364,33180,0.2691401648998822,0.1743227326266195,0.1160188457008245,0.0871613663133097,0.1766784452296819,0.1766784452296819,0.3303886925795053,0.6307420494699647,0.199057714958775,0.0329799764428739,True,0.5351029346638461,-11.899399153653857,14.903561405216577,14.903561405216577,13.072578757011136,-33.595036561436885,-48.49859796665346,-1.83098264820544
365,33181,0.358950328022493,0.2502343017806935,0.1330834114339269,0.0731021555763823,0.1002811621368322,0.0843486410496719,0.2014995313964386,0.7488284910965324,0.1827553889409559,0.063730084348641,True,0.470109239723952,0.4015273632068439,20.997220081337368,20.997220081337368,21.654985738446264,-23.55463062161388,-44.55185070295125,0.6577656571088966
366,33182,0.3377837116154873,0.2389853137516689,0.1455273698264352,0.082777036048064,0.1375166889185581,0.0574098798397863,0.2242990654205607,0.7783711615487316,0.2483311081441922,0.0707610146862483,False,0.4307613456615598,8.962335330661553,20.212197584324414,0.4491998189367727,20.555551198328622,20.555551198328622,20.10635137939185,0.3433536140042079
367,33183,0.3562920766442258,0.2594510616261005,0.1512169860176074,0.0833764888658726,0.1139306059036768,0.0357327809425168,0.2288969445882962,0.7669601242879337,0.248575867426204,0.0756084930088037,True,0.423771907284007,17.97745758828393,21.365870760541252,21.365870760541252,22.148150110009496,12.3063166849108,-9.059554075630452,0.7822793494682436
368,33184,0.3931469792605951,0.2678088367899008,0.1334535617673579,0.0667267808836789,0.1009918845807033,0.0378719567177637,0.2380522993688007,0.739404869251578,0.2281334535617673,0.0685302073940486,True,0.4443698866500511,13.763809937404003,23.088098664770342,23.088098664770342,24.74315556822307,0.0354830623552508,-23.05261560241509,1.6550569034527278
369,33185,0.3131313131313131,0.2134680134680134,0.136026936026936,0.0929292929292929,0.1723905723905724,0.072053872053872,0.1979797979797979,0.7885521885521886,0.2983164983164983,0.0821548821548821,False,0.4182782663569698,9.271231658507473,18.944143230985173,2.316070025088038,18.577209870749066,18.577209870749066,16.261139845661027,-0.3669333602361071
370,33186,0.3072471755304491,0.2300909341416368,0.1521080187379443,0.0967208597409754,0.1589969688619454,0.0548360429870487,0.2394599063102783,0.7856158721410857,0.2623312207219619,0.074951777349132,True,0.4203064449669529,11.134966313009588,18.696296328369247,18.696296328369247,18.324369355261457,1.219223506695787,-17.47707282167346,-0.3719269731077901
371,33187,0.3709055876685934,0.2302504816955684,0.1242774566473988,0.0770712909441233,0.1425818882466281,0.0549132947976878,0.1849710982658959,0.7543352601156069,0.2745664739884393,0.0761078998073217,False,0.4324122899017427,14.518263668715514,22.023263490157085,8.80063782734569,22.945415701432832,22.945415701432832,14.144777874087142,0.9221522112757476
372,33189,0.3658536585365853,0.2591463414634146,0.1448170731707317,0.0785060975609756,0.118140243902439,0.0335365853658536,0.180640243902439,0.7949695121951219,0.2751524390243902,0.0678353658536585,True,0.4083863400393216,20.157303185254104,22.068196238951614,22.068196238951614,23.05940132320686,15.953144689663912,-6.115051549287703,0.9912050842552452
373,33190,0.3298565840938722,0.2633637548891786,0.151238591916558,0.0964797913950456,0.1342894393741851,0.0247718383311603,0.1264667535853976,0.834419817470665,0.3246414602346806,0.0847457627118644,True,0.3725260001611065,17.661059953440272,20.667846805363475,20.667846805363475,20.67855861738019,12.578456442941524,-8.089390362421952,0.0107118120167157
374,33193,0.377259943752511,0.2796303736440337,0.1418240257131378,0.0739252711932503,0.099236641221374,0.028123744475693,0.1952591402169546,0.7826436319807152,0.2615508236239454,0.0835676978706307,False,0.4140884807915042,16.190407335384215,22.62697230792999,11.64141431575928,23.91391970492236,23.91391970492236,12.27250538916308,1.286947396992371
375,33194,0.3267326732673267,0.2211221122112211,0.1353135313531353,0.0858085808580858,0.1683168316831683,0.0627062706270627,0.1683168316831683,0.7986798679867987,0.3036303630363036,0.0792079207920792,False,0.4104156765935268,7.928569438371591,19.8523580488697,-0.3717017456740095,19.77573383468558,19.77573383468558,20.14743558035959,-0.0766242141841182
376,33196,0.335706257025103,0.240539527913076,0.1438741101536156,0.0895466466841513,0.1472461596103409,0.043087298613713,0.1918321468714874,0.7924316223304608,0.2810041213937804,0.0872986137130011,True,0.4096710984798581,9.829780279779964,20.434584529046138,20.434584529046138,20.653930425903063,-5.767631129909933,-26.202215658956067,0.2193458968569324
377,33301,0.1648106904231625,0.1291759465478842,0.1276911655530809,0.1009651076466221,0.2175204157386785,0.2598366740905716,0.2345953971789161,0.7661469933184856,0.0749814402375649,0.0259836674090571,True,0.5617813033162893,-2.535738315895486,9.200313241740654,9.200313241740654,4.981442120091311,-8.399530852151837,-17.599844093892493,-4.218871121649343
378,33304,0.2383820998278829,0.1901893287435456,0.1480206540447504,0.0955249569707401,0.1712564543889845,0.1566265060240964,0.261617900172117,0.7581755593803786,0.104130808950086,0.0335628227194492,True,0.5137163610872141,5.554806777908361,13.964423979485757,13.964423979485757,11.735982864806552,-0.2962912753756548,-14.260715254861411,-2.228441114679205
379,33305,0.2060150375939849,0.1654135338345864,0.1398496240601503,0.0947368421052631,0.1819548872180451,0.2120300751879699,0.3729323308270676,0.7082706766917293,0.0842105263157894,0.0225563909774436,True,0.5605107237117949,8.73730898387799,11.204835914479494,11.204835914479494,8.332422041436029,9.054775647377287,-2.150060267102205,-2.872413873043465
380,33306,0.2413793103448276,0.1625615763546798,0.1379310344827586,0.0886699507389162,0.1625615763546798,0.2068965517241379,0.3940886699507389,0.6748768472906403,0.1034482758620689,0.0246305418719211,False,0.5661323081871513,12.05727362266753,12.894720284148216,10.964531248911356,10.868928391113553,10.868928391113553,-0.0956028577978038,-2.025791893034663
381,33308,0.2152572442341809,0.15612063867534,0.1306918982850384,0.0969840331164991,0.1969248965109402,0.2040212891780012,0.4707273802483737,0.6303962152572442,0.0975753991720875,0.0230632761679479,True,0.5788525083919515,5.030589047892797,11.32911651168066,11.32911651168066,8.673353486677417,2.380274704131936,-8.948841807548725,-2.6557630250032425
382,33309,0.3584637268847795,0.2897107633949739,0.1517306780464675,0.0791844476055002,0.0929350403034613,0.0279753437648174,0.2019914651493599,0.8193456614509246,0.2304409672830725,0.0706495969653864,True,0.410953557905576,33.11033982556917,21.68698736421376,21.68698736421376,22.710926744821215,48.016494443878365,26.329507079664605,1.0239393806074553
383,33311,0.4496168038603463,0.3170593244393982,0.1220550667045132,0.0510928186204939,0.0462673857507805,0.0139086006244677,0.1640647175702526,0.8501277320465512,0.2634118648878796,0.0732330400227079,True,0.4009483313433662,48.020224846577534,26.456161808328513,26.456161808328513,29.939425501393384,75.03451115645755,48.57834934812904,3.4832636930648704
384,33312,0.3627784069460174,0.2555681389203473,0.1362778406946017,0.0751226878067195,0.1117402793506983,0.0585126462816157,0.2068705171762929,0.7833144582861458,0.2268780671951679,0.0543601359003397,True,0.4382952955831078,20.221194636989015,21.487600037235445,21.487600037235445,22.45727276435055,17.35551112124038,-4.132088915995066,0.9696727271151032
385,33313,0.4399473511023363,0.3399144455412964,0.1220796314577163,0.0454096742349457,0.0444225074037512,0.0082263902599539,0.1865745310957551,0.8545574202040145,0.263573543928924,0.0881869035867061,True,0.3967722256963609,37.06529115288932,25.960772185616573,25.960772185616573,29.304240635649386,48.86470887058895,22.903936684972376,3.343468450032809
386,33314,0.3575129533678756,0.2753515914137676,0.1458179126572908,0.0851221317542561,0.1014063656550703,0.0347890451517394,0.159141376757957,0.8112509252405625,0.233160621761658,0.0695780903034789,False,0.4132384609898128,26.75212477508746,21.74103243594547,30.281286024473513,22.509602071061327,22.509602071061327,-7.771683953412186,0.7685696351158562
387,33315,0.2776203966005666,0.2053824362606232,0.1501416430594901,0.0906515580736544,0.1685552407932011,0.1076487252124645,0.2563739376770538,0.7662889518413598,0.1501416430594901,0.0339943342776204,True,0.4803502775246301,13.879159745770298,16.51391500790448,16.51391500790448,15.337007080555065,12.302039884746556,-4.211875123157924,-1.176907927349415
388,33316,0.2005347593582887,0.1684491978609625,0.1363636363636363,0.088235294117647,0.1724598930481283,0.2339572192513369,0.3382352941176471,0.713903743315508,0.1002673796791443,0.0280748663101604,True,0.5615567677157187,2.571967474486425,10.81162518419936,10.81162518419936,7.686347067327642,-1.4211553026381123,-12.232780486837472,-3.125278116871719
389,33317,0.3065173116089613,0.2398167006109979,0.1415478615071283,0.0870672097759674,0.1507128309572301,0.0743380855397148,0.2387983706720977,0.7861507128309573,0.2464358452138492,0.0646639511201629,True,0.4340311023177029,17.14495048569047,18.416208986327845,18.416208986327845,18.03644982815907,15.982451076207786,-2.4337579101200593,-0.379759158168774
390,33319,0.3696612665684831,0.3015463917525773,0.1524300441826215,0.0765832106038291,0.0821060382916053,0.0176730486008836,0.2632547864506627,0.8052282768777614,0.2393225331369661,0.0802650957290132,True,0.4114753320473103,26.711572753893662,22.0944696766221,22.0944696766221,23.598417022496417,31.164255090862817,9.069785414240716,1.503947345874316
391,33321,0.3156170367673826,0.269748816891154,0.1758281761922097,0.1001092100473243,0.1179468511103021,0.0207499089916272,0.3319985438660356,0.7553694939934474,0.2195121951219512,0.0618856934838005,True,0.4246832172297957,25.23276340538272,19.13212090253292,19.13212090253292,19.19230429714245,33.415751005590515,14.283630103057597,0.0601833946095275
392,33322,0.316179879462216,0.2424663885025498,0.1515994436717663,0.0959666203059805,0.1451089476124246,0.0486787204450625,0.3755215577190542,0.7473342605470561,0.2007417709782104,0.0547056096430227,True,0.4527336096075924,25.89986291580406,18.615330902496854,18.615330902496854,18.8500851438102,34.42166547800334,15.806334575506485,0.2347542413133396
393,33323,0.2549504950495049,0.212046204620462,0.1435643564356435,0.108085808580858,0.1971947194719472,0.0841584158415841,0.2219471947194719,0.820957095709571,0.2533003300330033,0.0643564356435643,True,0.4222795790307698,8.879286972300115,15.861462224217249,15.861462224217249,14.228702651152595,1.5607548163777345,-14.300707407839512,-1.6327595730646518
394,33324,0.2560499609679937,0.2228727556596409,0.1678376268540203,0.1049960967993755,0.1604215456674473,0.0878220140515222,0.2466822794691647,0.8013270882123341,0.213895394223263,0.0597189695550351,False,0.4372217627386128,13.479869479584996,15.760573192226618,11.707993398558564,14.153048682229038,14.153048682229038,2.4450552836704738,-1.60752450999758
395,33325,0.3001302083333333,0.2141927083333333,0.1315104166666666,0.08984375,0.1640625,0.1002604166666666,0.2194010416666666,0.794921875,0.2779947916666667,0.0559895833333333,True,0.4348434047713431,10.402354020544657,17.86160505494566,17.86160505494566,17.29187456777742,1.4481927466042794,-16.41341230834138,-0.5697304871682398
396,33326,0.2734939759036144,0.1867469879518072,0.1246987951807229,0.0903614457831325,0.1849397590361445,0.1397590361445783,0.2554216867469879,0.7873493975903615,0.3042168674698795,0.0614457831325301,True,0.447941979405151,8.634642837204986,15.910160751492416,15.910160751492416,14.759729915683105,1.08588964152084,-14.824271109971576,-1.1504308358093134
397,33327,0.241869918699187,0.1310975609756097,0.0934959349593495,0.0721544715447154,0.198170731707317,0.2632113821138211,0.2042682926829268,0.8130081300813008,0.3414634146341463,0.0630081300813008,False,0.4873237604336443,1.4931164777941763,13.030754876260865,-9.473971319409394,11.02892093211132,11.02892093211132,20.502892251520713,-2.0018339441495456
398,33328,0.2393162393162393,0.1787749287749288,0.1331908831908831,0.0897435897435897,0.22008547008547,0.1388888888888889,0.2613960113960114,0.7970085470085471,0.2742165242165242,0.0591168091168091,True,0.4508800624724591,9.187638261494534,14.2358821070021,14.2358821070021,12.247202949115676,5.46144118612349,-8.774440920878611,-1.9886791578864251
399,33330,0.2156862745098039,0.1428571428571428,0.103641456582633,0.0826330532212885,0.2002801120448179,0.2549019607843137,0.2927170868347339,0.7899159663865546,0.2507002801120448,0.0504201680672268,True,0.5154526048950889,8.569206252016137,11.479682082399137,11.479682082399137,9.01898751907394,8.14639271057676,-3.333289371822376,-2.460694563325198
400,33331,0.2331288343558282,0.1446099912357581,0.1069237510955302,0.0815074496056091,0.2138475021910604,0.2199824715162138,0.2822085889570552,0.7765118317265557,0.2769500438212094,0.0517090271691498,True,0.4965374992665988,6.958379961270045,12.815509794198595,12.815509794198595,10.67976582163665,3.185093483971908,-9.630416310226687,-2.135743972561947
401,33332,0.2355289421157684,0.1337325349301397,0.091816367265469,0.0698602794411177,0.1916167664670658,0.2774451097804391,0.2455089820359281,0.7884231536926147,0.2894211576846307,0.0538922155688622,False,0.5164014998477114,3.46271087858121,12.362563942781597,-6.040828667819472,10.235018814522917,10.235018814522917,16.27584748234239,-2.127545128258678
402,33334,0.3064102564102564,0.2564102564102564,0.1487179487179487,0.0839743589743589,0.1397435897435897,0.0647435897435897,0.2538461538461538,0.7852564102564102,0.1711538461538461,0.0352564102564102,True,0.4510125408587817,23.247625565398387,18.4672323964158,18.4672323964158,18.139246028243097,29.465714971719315,10.998482575303512,-0.3279863681727057
403,33351,0.320230607966457,0.2767295597484276,0.170335429769392,0.0943396226415094,0.1189727463312369,0.0193920335429769,0.1750524109014675,0.8480083857442348,0.269916142557652,0.080712788259958,True,0.3818161171012311,22.57108724232808,20.057122451330063,20.057122451330063,20.09632661064199,26.577877600355592,6.5207551490255256,0.0392041593119252
404,33401,0.29174543163201,0.2274732199117832,0.1361058601134215,0.0806553245116572,0.1335853812224322,0.1304347826086956,0.2539382482671707,0.7674858223062382,0.1505986137366099,0.0434782608695652,False,0.4917888579934993,7.918672354295997,16.921064202308038,-0.7928171039323715,16.134267250318814,16.134267250318814,16.927084354251186,-0.7867969519892242
405,33403,0.3577586206896552,0.3132183908045977,0.1566091954022988,0.0732758620689655,0.0804597701149425,0.0186781609195402,0.2227011494252873,0.8419540229885057,0.2399425287356321,0.0589080459770114,False,0.3985126604021318,19.56545829644531,21.680534533017237,18.16412429903628,22.9018444866703,22.9018444866703,4.737720187634018,1.221309953653062
406,33404,0.3859649122807017,0.2719298245614035,0.1234335839598997,0.0632832080200501,0.0789473684210526,0.0764411027568922,0.2593984962406015,0.7976190476190477,0.2236842105263158,0.0532581453634085,True,0.4510258830443953,15.085062343993735,22.1568654745881,22.1568654745881,24.07347233242341,4.144660425314019,-18.01220504927408,1.916606857835312
407,33405,0.3411167512690355,0.2507614213197969,0.1370558375634517,0.0690355329949238,0.099492385786802,0.1025380710659898,0.2203045685279187,0.7573604060913706,0.2050761421319797,0.0406091370558375,False,0.4677229939143266,21.441986486709695,19.818613735092477,22.868478247473696,20.138743497483105,20.138743497483105,-2.729734749990591,0.3201297623906285
408,33406,0.3570412517780938,0.2873399715504978,0.1500711237553342,0.0761024182076813,0.0960170697012802,0.0334281650071123,0.1884779516358463,0.7645803698435277,0.2524893314366999,0.0526315789473684,False,0.4173000061177141,26.85718532326453,21.607591728675768,30.61667642011865,22.218714656854793,22.218714656854793,-8.397961763263858,0.6111229281790251
409,33407,0.4012383900928792,0.3046439628482972,0.1337461300309597,0.0643962848297213,0.0687306501547987,0.0272445820433436,0.1752321981424148,0.8445820433436533,0.2513931888544892,0.0594427244582043,False,0.4044748837322525,23.03873278233006,23.88951378637076,22.460890575022965,26.094799598144743,26.094799598144743,3.6339090231217774,2.205285811773983
410,33408,0.1892147587511826,0.1551561021759697,0.1324503311258278,0.0955534531693472,0.1882686849574266,0.2393566698202459,0.5033112582781457,0.6234626300851467,0.107852412488174,0.02081362346263,False,0.5907705982365166,8.003215384066586,9.474314431823366,5.879511513417687,6.240107975674636,6.240107975674636,0.3605964622569493,-3.23420645614873
411,33409,0.3492647058823529,0.3137254901960784,0.1611519607843137,0.0765931372549019,0.0729166666666666,0.0263480392156862,0.1580882352941176,0.8370098039215687,0.2395833333333333,0.0649509803921568,False,0.3967157629971837,24.447723452256387,21.452316666048414,26.417483336222805,22.13924613217098,22.13924613217098,-4.278237204051823,0.6869294661225638
412,33410,0.2307692307692307,0.194331983805668,0.1401821862348178,0.0981781376518218,0.1766194331983805,0.1599190283400809,0.354251012145749,0.7191295546558705,0.1781376518218623,0.0379554655870445,False,0.5066582768537777,7.122312451217905,13.149452151327107,0.932484849895742,10.89426692778908,10.89426692778908,9.961782077893336,-2.255185223538028
413,33411,0.2720801476403902,0.2283153176904824,0.1510677563933561,0.0975481149485895,0.1790139731083575,0.0719746902188241,0.2878987608752966,0.7814394938043765,0.2536250988663327,0.0582652254152386,False,0.4299847540133125,12.90680489644911,16.560397465502483,10.15075738170251,15.438735079356338,15.438735079356338,5.287977697653828,-1.121662386146145
414,33412,0.2029816513761468,0.1559633027522936,0.1181192660550458,0.0940366972477064,0.2178899082568807,0.2110091743119266,0.3887614678899082,0.7029816513761468,0.1995412844036697,0.040137614678899,False,0.5314457424528038,10.015587056982136,11.001561876871474,8.89727020945444,8.085055542872649,8.085055542872649,-0.8122146665817915,-2.916506333998825
415,33413,0.3351648351648351,0.2681318681318681,0.1516483516483516,0.0868131868131868,0.1252747252747252,0.0329670329670329,0.1747252747252747,0.8263736263736263,0.2769230769230769,0.0802197802197802,False,0.3951349066333714,14.71843703470923,20.611284609252323,10.868868260271109,20.933153187962365,20.933153187962365,10.064284927691258,0.3218685787100419
416,33414,0.2493747767059664,0.1807788495891389,0.1325473383351197,0.0925330475169703,0.2057877813504823,0.1389782065023222,0.2668810289389067,0.7738478027867095,0.2804573061807788,0.0564487316898892,False,0.4549143560134434,6.999345763579834,14.699183075436238,0.5732610358414743,12.87035103559396,12.87035103559396,12.297089999752483,-1.828832039842279
417,33417,0.377910447761194,0.3092537313432836,0.155820895522388,0.0740298507462686,0.0674626865671641,0.0155223880597014,0.3044776119402985,0.7516417910447761,0.2113432835820895,0.0567164179104477,False,0.4321964170468703,34.23210897867417,22.34265751536718,43.282031306336066,23.934955477976175,23.934955477976175,-19.347075828359888,1.592297962608999
418,33418,0.1916420430561418,0.1388771633600675,0.1173490924440692,0.0903334740396791,0.2034613761080624,0.2583368509919797,0.4377374419586323,0.6661038412832418,0.1557619248628113,0.0287040945546644,False,0.5757889302538737,4.353023567164671,9.636936803025392,-2.8189221141474565,6.441941641904174,6.441941641904174,9.26086375605163,-3.194995161121218
419,33426,0.2891816920943134,0.2475728155339805,0.1796116504854369,0.1137309292649098,0.1393897364771151,0.0305131761442441,0.2780859916782247,0.7780859916782247,0.1830790568654646,0.0561719833564493,False,0.4285230023827367,14.979447986009584,17.959674638804422,12.744719942078744,17.21145221491854,17.21145221491854,4.466732272839797,-0.7482224238858812
420,33428,0.3110255175734232,0.2118440057775638,0.1314395763119884,0.0861819932595089,0.1598459316321617,0.0996629754453538,0.2686567164179104,0.7260471834376505,0.2566201251805489,0.0544053923928743,True,0.4605623711362622,13.038712147799814,18.183547550694485,18.183547550694485,17.72029612124966,7.555366750446263,-10.628180800248222,-0.4632514294448242
421,33430,0.5284552845528455,0.2845528455284553,0.1046747967479674,0.040650406504065,0.0335365853658536,0.008130081300813,0.1788617886178861,0.9034552845528456,0.266260162601626,0.0701219512195122,False,0.4029162936369961,19.176107925467445,30.29256756310713,11.67464260690123,36.2695762099097,36.2695762099097,24.59493360300847,5.97700864680257
422,33431,0.2497331910352188,0.1590181430096051,0.1184631803628601,0.0800426894343649,0.1739594450373532,0.2187833511205976,0.3479188900747065,0.695837780149413,0.1654215581643543,0.03948772678762,True,0.5500789059181166,6.058217851574899,13.350568288259126,13.350568288259126,11.477607263741898,1.625585392222039,-11.724982896037089,-1.8729610245172277
423,33432,0.2261224489795918,0.153469387755102,0.1126530612244898,0.0816326530612244,0.1616326530612244,0.2644897959183673,0.4057142857142857,0.6489795918367347,0.1142857142857142,0.0293877551020408,True,0.5958174274863233,8.288890456049081,11.372345704535824,11.372345704535824,8.86992626050763,7.894735241154834,-3.477610463380989,-2.5024194440281935
424,33433,0.2559446606139213,0.1824470384781668,0.1465629053177691,0.099870298313878,0.1910938175529615,0.124081279723303,0.3999135322092521,0.6545611759619542,0.2053610030263726,0.040207522697795,True,0.503228725286903,7.126952669299813,14.627632496479247,14.627632496479247,12.851812732302331,1.475554233269639,-13.152078263209608,-1.7758197641769158
425,33434,0.2589861751152074,0.1576036866359447,0.1161290322580645,0.0820276497695852,0.1852534562211981,0.2,0.576036866359447,0.5529953917050692,0.1456221198156682,0.0248847926267281,False,0.5939733250093865,2.097638857670358,13.044341152016568,-13.916208409411322,11.571415334579864,11.571415334579864,25.487623743991183,-1.4729258174367033
426,33435,0.3544757033248082,0.2751918158567775,0.1391304347826087,0.070076726342711,0.0951406649616368,0.0659846547314578,0.2680306905370844,0.7785166240409207,0.2056265984654731,0.0542199488491048,False,0.4500709194891711,19.20649595083446,20.72320923784627,17.965193084921722,21.71235096251304,21.71235096251304,3.747157877591317,0.9891417246667692
427,33436,0.2875591907016788,0.2333189840723202,0.1502367628067154,0.0951356005165734,0.1545415411106328,0.0792079207920792,0.3461041756349548,0.7287989668532071,0.2040464916056823,0.0529487731381833,False,0.4642637093965548,11.758262760756288,16.966490304448406,7.244864879697637,16.212864530305474,16.212864530305474,8.967999650607837,-0.7536257741429324
428,33437,0.2310327949094469,0.1820851688693098,0.149290259422418,0.1120900636319138,0.2276064610866373,0.0978952520802741,0.6279980420949584,0.4948604992657856,0.1257953989231522,0.031815956926089,False,0.5608729348087358,1.498374787771084,12.756843105198447,-12.881449794201128,10.358696264888302,10.358696264888302,23.24014605908943,-2.3981468403101474
430,33441,0.3563300142247511,0.2588904694167852,0.1443812233285917,0.0718349928876244,0.1102418207681365,0.0583214793741109,0.2617354196301564,0.7489331436699858,0.1906116642958748,0.0483641536273115,False,0.4580799932371042,18.53544191697887,20.93792843979784,16.50464217459796,21.772747049986172,21.772747049986172,5.268104875388211,0.8348186101883321
431,33442,0.3206940874035989,0.224293059125964,0.1625964010282776,0.1028277634961439,0.1426735218508997,0.0469151670951156,0.384318766066838,0.6632390745501285,0.1683804627249357,0.0404884318766066,False,0.4799659973388075,17.85652976593277,18.818547886734247,16.968634004414053,18.722425163441983,18.722425163441983,1.7537911590279336,-0.096122723292261
432,33444,0.3431952662721893,0.2764158918005072,0.1259509721048182,0.0617075232459847,0.1014370245139476,0.0912933220625528,0.2214708368554522,0.8174133558748944,0.1978021978021978,0.0566356720202874,False,0.4529635029523288,12.78861681693746,20.057169589847653,6.770025473982965,20.78133008331675,20.78133008331675,14.011304609333784,0.7241604934690962
433,33445,0.3010813887307911,0.2350597609561753,0.1496869664200341,0.0887877063175868,0.1422879908935685,0.083096186681844,0.3710870802504268,0.71371656232214,0.1622083096186682,0.0483779169038133,False,0.4854567271399241,14.65720508766173,17.46478091552181,12.008338326632751,17.098481134971472,17.098481134971472,5.090142808338719,-0.3662997805503387
434,33446,0.2336165048543689,0.1407766990291262,0.1152912621359223,0.087378640776699,0.1953883495145631,0.2275485436893204,0.6146844660194175,0.5133495145631068,0.1061893203883495,0.020631067961165,False,0.6251962238568124,0.8197660917891758,11.294621874863212,-16.652950828012365,9.092679372353643,9.092679372353643,25.74563020036601,-2.201942502509569
435,33449,0.2063157894736842,0.1410526315789473,0.0926315789473684,0.0821052631578947,0.2294736842105263,0.2484210526315789,0.3810526315789473,0.671578947368421,0.2336842105263158,0.04,False,0.5493304932155201,1.2302530114090882,10.722155524931312,-10.33962560431971,7.701179026896863,7.701179026896863,18.040804631216577,-3.0209764980344502
437,33458,0.2412651710187568,0.1706509746230231,0.1265171018756896,0.089003310040456,0.1941890400882677,0.1783744023538065,0.2828245678558293,0.7752850312614932,0.2283927914674512,0.0364104450165502,True,0.4887616555792908,8.86157837887136,13.735959526996194,13.735959526996194,11.79006033078738,5.7984242879699055,-7.937535239026288,-1.9458991962088137
438,33460,0.4435294117647059,0.2817647058823529,0.1205882352941176,0.0547058823529411,0.0676470588235294,0.0317647058823529,0.1717647058823529,0.7905882352941176,0.2258823529411764,0.0476470588235294,False,0.434244552398505,28.414997648566057,25.90043401837657,30.34504633426307,28.91729984907266,28.91729984907266,-1.4277464851904114,3.0168658306960907
439,33461,0.430379746835443,0.316003616636528,0.137884267631103,0.0569620253164556,0.050632911392405,0.0081374321880651,0.16500904159132,0.7798372513562387,0.2613019891500904,0.0537974683544303,False,0.4086104476350677,33.74553122731378,25.591360277395,39.37951550825887,28.148193972940785,28.148193972940785,-11.231321535318084,2.556833695545784
440,33462,0.3398766124509254,0.269209197980931,0.1486259113853056,0.0773976444195176,0.1071228266965788,0.0577678070667414,0.2551878855860908,0.770611329220415,0.2204150308468872,0.0504767246214245,True,0.439882945296779,19.624968571553204,20.17468643653126,20.17468643653126,20.66398190066347,18.30195959400353,-1.8727268425277297,0.4892954641322085
441,33463,0.3645032297754537,0.2814518609658566,0.1458012919101814,0.0741310366041218,0.1030452168563518,0.0310673638880344,0.1805598277453091,0.816671793294371,0.2962165487542295,0.0673638880344509,False,0.3947790917170108,22.702546971311488,22.034325967622024,23.13842034794541,23.1137316872077,23.1137316872077,-0.0246886607377092,1.079405719585676
442,33467,0.2531815137307435,0.1865371734762223,0.1379772270596115,0.0991292699263228,0.2173476222371065,0.1058271935699933,0.3754186202277294,0.7059611520428667,0.2364367046215673,0.0482250502344273,False,0.4743514675272238,10.769132377984604,14.831899153193724,7.1028434739228326,13.163433033986994,13.163433033986994,6.0605895600641615,-1.6684661192067285
444,33470,0.2352625937834941,0.1870310825294748,0.1345123258306538,0.0996784565916398,0.2454448017148982,0.0980707395498392,0.2315112540192926,0.8135048231511254,0.3017148981779207,0.0519828510182207,False,0.4179234249255175,15.08991854424897,14.687379775969776,15.378936154488676,12.53119479463015,12.53119479463015,-2.847741359858528,-2.156184981339626
445,33472,0.2264344262295081,0.1721311475409836,0.1372950819672131,0.1045081967213114,0.2274590163934426,0.1321721311475409,0.5051229508196722,0.6198770491803278,0.180327868852459,0.0368852459016393,False,0.5271015099837639,3.279293013939033,12.633869280198336,-7.1474928170630285,10.324907801366432,10.324907801366432,17.47240061842946,-2.308961478831904
446,33473,0.1401709401709401,0.0837606837606837,0.0752136752136752,0.0717948717948717,0.2769230769230769,0.3521367521367521,0.5572649572649573,0.5487179487179488,0.2034188034188034,0.0222222222222222,False,0.6377200972973971,-1.975518464035031,5.426727627847819,-15.005667425430598,0.7391691046940707,0.7391691046940707,15.744836530124669,-4.687558523153748
447,33476,0.4758364312267658,0.3048327137546468,0.137546468401487,0.0408921933085501,0.0408921933085501,0.0,0.174721189591078,0.8847583643122676,0.3048327137546468,0.070631970260223,False,0.3800591677327352,25.68708832697868,27.85920894598399,24.35545422303508,32.28807431444683,32.28807431444683,7.932620091411753,4.428865368462841
448,33477,0.1632373113854595,0.1083676268861454,0.1015089163237311,0.0919067215363511,0.2126200274348422,0.3223593964334705,0.6776406035665294,0.4705075445816186,0.0521262002743484,0.0150891632373113,False,0.6847144650612521,6.061316883653589,6.40008224023,5.325610629465414,2.3847909842674095,2.3847909842674095,-2.9408196451980047,-4.01529125596259
449,33478,0.2045454545454545,0.1457219251336898,0.1082887700534759,0.0895721925133689,0.2419786096256684,0.2098930481283422,0.3649732620320856,0.7553475935828877,0.232620320855615,0.0320855614973262,False,0.511153379761205,11.37333632982742,11.19529002374715,11.559507139523255,8.521493083833931,8.521493083833931,-3.038014055689324,-2.6737969399132187
450,33480,0.1410852713178294,0.0914728682170542,0.0821705426356589,0.0635658914728682,0.1472868217054263,0.4744186046511628,0.6542635658914728,0.4294573643410853,0.0310077519379844,0.0108527131782945,True,0.750681974744343,7.558281195376715,3.4964163200862246,3.4964163200862246,-1.3657369551884528,10.522144265889738,7.025727945803514,-4.862153275274677
451,33483,0.1734028683181225,0.1329856584093872,0.1121251629726206,0.0730117340286831,0.1851368970013037,0.3233376792698826,0.4902216427640156,0.590612777053455,0.0691003911342894,0.0221642764015645,True,0.6459910378868979,6.0191381937510835,7.697738540980005,7.697738540980005,3.8394729772152623,7.213614549930771,-0.4841239910492341,-3.8582655637647423
452,33484,0.3205944798301486,0.2179759377211606,0.1542816702052371,0.1012031139419674,0.1422505307855626,0.0636942675159235,0.5881104033970276,0.5555555555555556,0.0962491153573956,0.0290162774239207,False,0.5470506350472153,10.189718347858111,17.712860020159248,1.103626727415044,17.884877157076218,17.884877157076218,16.781250429661174,0.1720171369169705
453,33486,0.2359963269054178,0.1588613406795225,0.1138659320477502,0.0844811753902663,0.2011019283746556,0.2056932966023875,0.2938475665748393,0.7630853994490359,0.2378328741965105,0.0440771349862259,False,0.5035767518684907,8.388025018951462,13.085384522645173,3.622976141542692,10.990870810590089,10.990870810590089,7.367894669047397,-2.0945137120550825
454,33487,0.211453744493392,0.1480176211453744,0.1215859030837004,0.0872246696035242,0.1964757709251101,0.2352422907488986,0.4035242290748899,0.6660792951541851,0.1541850220264317,0.0299559471365638,True,0.5656313865330606,6.024945701781537,11.040969150211428,11.040969150211428,8.216350980634296,4.342087050047633,-6.698882100163795,-2.824618169577132
455,33496,0.2050359712230215,0.1287769784172661,0.1,0.0784172661870503,0.1676258992805755,0.3201438848920863,0.4661870503597122,0.6057553956834533,0.1503597122302158,0.0251798561151079,True,0.6220632055747766,-3.674188968806369,9.378745459287304,9.378745459287304,6.3535491121183885,-9.766578217481962,-19.145323676769262,-3.025196347168917
456,33498,0.2234332425068119,0.1389645776566757,0.106267029972752,0.0899182561307901,0.2275204359673024,0.2138964577656675,0.3678474114441417,0.720708446866485,0.2752043596730245,0.0435967302452316,False,0.5106476223385712,1.6347648874418308,12.04893638543586,-9.23260218143986,9.696767147579964,9.696767147579964,18.929369329019828,-2.352169237855895
